pdb,cluster
7kfb,SEQ_H1_10_1
7kfb,SEQ_H1_10_1
7kfb,SEQ_H1_10_1
7m8l,SEQ_H1_10_1
7m8l,SEQ_H1_10_1
7m8l,SEQ_H1_10_1
4ydj,SEQ_H1_12_1
4ydj,SEQ_H1_12_1
5umn,SEQ_H1_12_1
5umn,SEQ_H1_12_1
6ml8,SEQ_H1_12_1
6d0u,SEQ_H1_12_1
6d0u,SEQ_H1_12_1
6d0u,SEQ_H1_12_1
6d0u,SEQ_H1_12_1
4fp8,SEQ_H1_12_1
4fp8,SEQ_H1_12_1
4fp8,SEQ_H1_12_1
4fp8,SEQ_H1_12_1
6jep,SEQ_H1_13_1
6jep,SEQ_H1_13_1
6udj,SEQ_H1_13_1
6udj,SEQ_H1_13_1
6udj,SEQ_H1_13_1
6udk,SEQ_H1_13_1
6udk,SEQ_H1_13_1
6udk,SEQ_H1_13_1
4jm2,SEQ_H1_14_1
4nzr,SEQ_H1_14_1
4lsq,SEQ_H1_16_1
4lsr,SEQ_H1_16_1
6nnj,SEQ_H1_16_1
4lsp,SEQ_H1_16_1
7lq7,SEQ_H1_4_1
7lq7,SEQ_H1_4_1
8i3s,SEQ_H1_4_1
7lq7,SEQ_H1_4_1
8h08,SEQ_H1_5_1
8h08,SEQ_H1_5_1
8h08,SEQ_H1_5_1
8h07,SEQ_H1_5_1
8h07,SEQ_H1_5_1
8h07,SEQ_H1_5_1
7xd2,SEQ_H1_5_1
7xd2,SEQ_H1_5_1
7xd2,SEQ_H1_5_1
7rfb,SEQ_H1_5_1
7rfb,SEQ_H1_5_1
6uyf,SEQ_H1_6_1
6bkc,SEQ_H1_6_1
4o58,SEQ_H1_6_2
8sml,SEQ_H1_6_3
8sml,SEQ_H1_6_3
7byr,SEQ_H1_7_1
7ps6,SEQ_H1_7_1
5otj,SEQ_H1_7_1
6xkr,SEQ_H1_7_1
3sqo,SEQ_H1_7_1
7vyt,SEQ_H1_7_1
6b0g,SEQ_H1_7_1
4hcr,SEQ_H1_7_1
6wmw,SEQ_H1_7_1
7rw2,SEQ_H1_7_1
7k9z,SEQ_H1_7_1
4zso,SEQ_H1_7_1
4mxw,SEQ_H1_7_1
6wvz,SEQ_H1_7_1
3hmx,SEQ_H1_7_1
7czy,SEQ_H1_7_1
7seg,SEQ_H1_7_1
7m6g,SEQ_H1_7_1
7m6h,SEQ_H1_7_1
3nfp,SEQ_H1_7_1
7k8w,SEQ_H1_7_1
5mvz,SEQ_H1_7_1
6rcv,SEQ_H1_7_1
7mzk,SEQ_H1_7_1
7mw3,SEQ_H1_7_1
6vmj,SEQ_H1_7_1
4ypg,SEQ_H1_7_1
8eb2,SEQ_H1_7_1
7df1,SEQ_H1_7_1
7wn8,SEQ_H1_7_1
7ubs,SEQ_H1_7_1
7s5q,SEQ_H1_7_1
8csj,SEQ_H1_7_1
7zoz,SEQ_H1_7_1
7yix,SEQ_H1_7_1
8u4q,SEQ_H1_7_1
8tr3,SEQ_H1_7_1
8rz0,SEQ_H1_7_1
8vgn,SEQ_H1_7_1
9dh2,SEQ_H1_7_1
8y3i,SEQ_H1_7_1
8znz,SEQ_H1_7_1
8w0w,SEQ_H1_7_1
3whe,SEQ_H1_7_1
6b9j,SEQ_H1_7_1
7phu,SEQ_H1_7_1
7lab,SEQ_H1_7_1
6wmw,SEQ_H1_7_1
6b08,SEQ_H1_7_1
5tzt,SEQ_H1_7_1
3t2n,SEQ_H1_7_1
5ugy,SEQ_H1_7_1
7lf2,SEQ_H1_7_1
5lsp,SEQ_H1_7_1
6um7,SEQ_H1_7_1
6cde,SEQ_H1_7_1
7wb5,SEQ_H1_7_1
8il3,SEQ_H1_7_1
8sb4,SEQ_H1_7_1
8sb3,SEQ_H1_7_1
8sb1,SEQ_H1_7_1
8sb0,SEQ_H1_7_1
8saz,SEQ_H1_7_1
8b7h,SEQ_H1_7_1
8qkr,SEQ_H1_7_1
8vym,SEQ_H1_7_1
8u1p,SEQ_H1_7_1
9dq5,SEQ_H1_7_1
5o4o,SEQ_H1_7_1
7k8x,SEQ_H1_7_1
5if0,SEQ_H1_7_1
6aod,SEQ_H1_7_1
7lop,SEQ_H1_7_1
6xey,SEQ_H1_7_1
7rdw,SEQ_H1_7_1
5fec,SEQ_H1_7_1
7l5b,SEQ_H1_7_1
7mzh,SEQ_H1_7_1
7l56,SEQ_H1_7_1
7amq,SEQ_H1_7_1
6xlq,SEQ_H1_7_1
7nd7,SEQ_H1_7_1
6myy,SEQ_H1_7_1
8dlw,SEQ_H1_7_1
8e1p,SEQ_H1_7_1
8el2,SEQ_H1_7_1
8qpr,SEQ_H1_7_1
8sm1,SEQ_H1_7_1
9clp,SEQ_H1_7_1
9auh,SEQ_H1_7_1
9azr,SEQ_H1_7_1
9aug,SEQ_H1_7_1
5o14,SEQ_H1_7_1
5ob5,SEQ_H1_7_1
7sfw,SEQ_H1_7_1
5f9w,SEQ_H1_7_1
6i07,SEQ_H1_7_1
5iwl,SEQ_H1_7_1
4d9r,SEQ_H1_7_1
5ggs,SEQ_H1_7_1
5l0q,SEQ_H1_7_1
7lex,SEQ_H1_7_1
3x3f,SEQ_H1_7_1
7t4r,SEQ_H1_7_1
8blq,SEQ_H1_7_1
7yrn,SEQ_H1_7_1
8pmz,SEQ_H1_7_1
8ts0,SEQ_H1_7_1
5w08,SEQ_H1_7_1
5o4g,SEQ_H1_7_1
6uqr,SEQ_H1_7_1
7jr7,SEQ_H1_7_1
8sj4,SEQ_H1_7_1
5t3z,SEQ_H1_7_1
7f15,SEQ_H1_7_1
6fax,SEQ_H1_7_1
4z5r,SEQ_H1_7_1
7eh5,SEQ_H1_7_1
8dwy,SEQ_H1_7_1
7ua8,SEQ_H1_7_1
7xsb,SEQ_H1_7_1
8zr4,SEQ_H1_7_1
8urf,SEQ_H1_7_1
8t9z,SEQ_H1_7_1
7tl0,SEQ_H1_7_1
7fjc,SEQ_H1_7_1
3wsq,SEQ_H1_7_1
4al8,SEQ_H1_7_1
4np4,SEQ_H1_7_1
7jwg,SEQ_H1_7_1
5n7w,SEQ_H1_7_1
4hwb,SEQ_H1_7_1
7e72,SEQ_H1_7_1
7bnv,SEQ_H1_7_1
3wlw,SEQ_H1_7_1
6mi2,SEQ_H1_7_1
5wk3,SEQ_H1_7_1
7k8v,SEQ_H1_7_1
4i2x,SEQ_H1_7_1
7m6e,SEQ_H1_7_1
6phf,SEQ_H1_7_1
6u36,SEQ_H1_7_1
7z4t,SEQ_H1_7_1
7z2m,SEQ_H1_7_1
7ul0,SEQ_H1_7_1
8cz8,SEQ_H1_7_1
8tvj,SEQ_H1_7_1
9jbq,SEQ_H1_7_1
8tv3,SEQ_H1_7_1
7deo,SEQ_H1_7_1
6ymq,SEQ_H1_7_1
5cus,SEQ_H1_7_1
8d7e,SEQ_H1_7_1
8hes,SEQ_H1_7_1
8hgl,SEQ_H1_7_1
6wzk,SEQ_H1_7_1
7dm1,SEQ_H1_7_1
8z6r,SEQ_H1_7_1
8z6u,SEQ_H1_7_1
7mw6,SEQ_H1_7_1
8yx9,SEQ_H1_7_1
8szy,SEQ_H1_7_1
8u1p,SEQ_H1_7_1
8wyj,SEQ_H1_7_1
5y11,SEQ_H1_7_1
7ps4,SEQ_H1_7_1
7ycl,SEQ_H1_7_1
3ulu,SEQ_H1_7_1
7cwn,SEQ_H1_7_1
7v2a,SEQ_H1_7_1
5eu7,SEQ_H1_7_1
8hrd,SEQ_H1_7_1
7lue,SEQ_H1_7_1
7n4i,SEQ_H1_7_1
8zby,SEQ_H1_7_1
5a3i,SEQ_H1_7_1
8fgx,SEQ_H1_7_1
6al5,SEQ_H1_7_1
6cdi,SEQ_H1_7_1
8bsf,SEQ_H1_7_1
6mfp,SEQ_H1_7_1
8y4a,SEQ_H1_7_1
7or9,SEQ_H1_7_1
6ofi,SEQ_H1_7_1
8gf2,SEQ_H1_7_1
7m42,SEQ_H1_7_1
8cwj,SEQ_H1_7_1
7kzb,SEQ_H1_7_1
6b0e,SEQ_H1_7_1
7fcp,SEQ_H1_7_1
1i9r,SEQ_H1_7_1
7mxl,SEQ_H1_7_1
6pzz,SEQ_H1_7_1
7t25,SEQ_H1_7_1
8gpx,SEQ_H1_7_1
3ulu,SEQ_H1_7_1
8tvd,SEQ_H1_7_1
8u1c,SEQ_H1_7_1
5bk1,SEQ_H1_7_1
5uek,SEQ_H1_7_1
6pi7,SEQ_H1_7_1
4g80,SEQ_H1_7_1
6e1k,SEQ_H1_7_1
8smk,SEQ_H1_7_1
9avo,SEQ_H1_7_1
8tnj,SEQ_H1_7_1
8v5l,SEQ_H1_7_1
4yfl,SEQ_H1_7_1
7lfb,SEQ_H1_7_1
4ydi,SEQ_H1_7_1
8uky,SEQ_H1_7_1
6okm,SEQ_H1_7_1
7tjq,SEQ_H1_7_1
6eyo,SEQ_H1_7_1
7luc,SEQ_H1_7_1
7xjf,SEQ_H1_7_1
5vqm,SEQ_H1_7_1
8wsn,SEQ_H1_7_1
7wkx,SEQ_H1_7_1
7y6l,SEQ_H1_7_1
5f9o,SEQ_H1_7_1
6o3b,SEQ_H1_7_1
8slb,SEQ_H1_7_1
8ath,SEQ_H1_7_1
8the,SEQ_H1_7_1
7upl,SEQ_H1_7_1
4od2,SEQ_H1_7_1
1adq,SEQ_H1_7_1
5tpn,SEQ_H1_7_1
7zfd,SEQ_H1_7_1
3wd5,SEQ_H1_7_1
6q20,SEQ_H1_7_1
6ppg,SEQ_H1_7_1
7ey0,SEQ_H1_7_1
7qny,SEQ_H1_7_1
7xic,SEQ_H1_7_1
7kqg,SEQ_H1_7_1
6q1z,SEQ_H1_7_1
7kqh,SEQ_H1_7_1
7ley,SEQ_H1_7_1
6rlo,SEQ_H1_7_1
7ws1,SEQ_H1_7_1
7wjy,SEQ_H1_7_1
7e9o,SEQ_H1_7_1
8f0h,SEQ_H1_7_1
8oxv,SEQ_H1_7_1
8bg1,SEQ_H1_7_1
7y3n,SEQ_H1_7_1
8tbq,SEQ_H1_7_1
8wfh,SEQ_H1_7_1
8qrf,SEQ_H1_7_1
8yww,SEQ_H1_7_1
8ywx,SEQ_H1_7_1
8dxs,SEQ_H1_7_1
6bft,SEQ_H1_7_1
8z4e,SEQ_H1_7_1
8ix3,SEQ_H1_7_1
8suo,SEQ_H1_7_1
7z12,SEQ_H1_7_1
7kdd,SEQ_H1_7_1
4ot1,SEQ_H1_7_1
8say,SEQ_H1_7_1
7xw7,SEQ_H1_7_1
8uwz,SEQ_H1_7_1
6mvl,SEQ_H1_7_1
6aru,SEQ_H1_7_1
6p9h,SEQ_H1_7_1
9bjg,SEQ_H1_7_1
2fed,SEQ_H1_7_1
7fjo,SEQ_H1_7_1
8hld,SEQ_H1_7_1
7t9n,SEQ_H1_7_1
8vqf,SEQ_H1_7_1
8cyh,SEQ_H1_7_1
2fjg,SEQ_H1_7_1
8vgp,SEQ_H1_7_1
6kz0,SEQ_H1_7_1
7sjn,SEQ_H1_7_1
6bkd,SEQ_H1_7_1
8jiz,SEQ_H1_7_1
8xs3,SEQ_H1_7_1
4j6r,SEQ_H1_7_1
5tz2,SEQ_H1_7_1
8a44,SEQ_H1_7_1
7te1,SEQ_H1_7_1
8si1,SEQ_H1_7_1
7st5,SEQ_H1_7_1
5wux,SEQ_H1_7_1
5anm,SEQ_H1_7_1
7ll1,SEQ_H1_7_1
4uv7,SEQ_H1_7_1
7d85,SEQ_H1_7_1
7mzm,SEQ_H1_7_1
7bep,SEQ_H1_7_1
6xkp,SEQ_H1_7_1
3jwo,SEQ_H1_7_1
7cdj,SEQ_H1_7_1
6pe8,SEQ_H1_7_1
6pe9,SEQ_H1_7_1
7wur,SEQ_H1_7_1
6wjl,SEQ_H1_7_1
7wn2,SEQ_H1_7_1
8gh4,SEQ_H1_7_1
8jel,SEQ_H1_7_1
8gav,SEQ_H1_7_1
8hlc,SEQ_H1_7_1
8ruu,SEQ_H1_7_1
8bbn,SEQ_H1_7_1
7xmz,SEQ_H1_7_1
8i3u,SEQ_H1_7_1
3mxw,SEQ_H1_7_1
8ol9,SEQ_H1_7_1
7e7e,SEQ_H1_7_1
8cwj,SEQ_H1_7_1
7f3q,SEQ_H1_7_1
6was,SEQ_H1_7_1
8pq2,SEQ_H1_7_1
4xny,SEQ_H1_7_1
6bgt,SEQ_H1_7_1
8qzr,SEQ_H1_7_1
7woa,SEQ_H1_7_1
7chz,SEQ_H1_7_1
4irz,SEQ_H1_7_1
6t3j,SEQ_H1_7_1
6t3j,SEQ_H1_7_1
7ubr,SEQ_H1_7_1
8pwh,SEQ_H1_7_1
7uvf,SEQ_H1_7_1
4ydl,SEQ_H1_7_1
1uj3,SEQ_H1_7_1
8ivw,SEQ_H1_7_1
6svl,SEQ_H1_7_1
7ezv,SEQ_H1_7_1
8g30,SEQ_H1_7_1
6r0x,SEQ_H1_7_1
7ui1,SEQ_H1_7_1
1jps,SEQ_H1_7_1
8dyw,SEQ_H1_7_1
7pc2,SEQ_H1_7_1
8iow,SEQ_H1_7_1
7ur4,SEQ_H1_7_1
8jmm,SEQ_H1_7_1
7qti,SEQ_H1_7_1
8cwk,SEQ_H1_7_1
6w16,SEQ_H1_7_1
6wo5,SEQ_H1_7_1
6wgl,SEQ_H1_7_1
7fcp,SEQ_H1_7_1
5vic,SEQ_H1_7_1
8suo,SEQ_H1_7_1
8ekd,SEQ_H1_7_1
8sj6,SEQ_H1_7_1
6xpx,SEQ_H1_7_1
9dng,SEQ_H1_7_1
7ugq,SEQ_H1_7_1
7uvo,SEQ_H1_7_1
5esv,SEQ_H1_7_1
8dv6,SEQ_H1_7_1
7m30,SEQ_H1_7_1
4cni,SEQ_H1_7_1
4jb9,SEQ_H1_7_1
8vkx,SEQ_H1_7_1
8v52,SEQ_H1_7_1
6uye,SEQ_H1_7_1
6wm9,SEQ_H1_7_1
6xq0,SEQ_H1_7_1
6m58,SEQ_H1_7_1
6bf4,SEQ_H1_7_1
3u4e,SEQ_H1_7_1
4ye4,SEQ_H1_7_1
6usf,SEQ_H1_7_1
8vui,SEQ_H1_7_1
5vn8,SEQ_H1_7_1
7e7x,SEQ_H1_7_1
7l2c,SEQ_H1_7_1
7l2d,SEQ_H1_7_1
7cws,SEQ_H1_7_1
7lcn,SEQ_H1_7_1
5udc,SEQ_H1_7_1
7rxp,SEQ_H1_7_1
7mzl,SEQ_H1_7_1
5e8e,SEQ_H1_7_1
8tco,SEQ_H1_7_1
1iqd,SEQ_H1_7_1
6oao,SEQ_H1_7_1
7sj0,SEQ_H1_7_1
8swh,SEQ_H1_7_1
8dm3,SEQ_H1_7_1
8us0,SEQ_H1_7_1
6mlm,SEQ_H1_7_1
3w9e,SEQ_H1_7_1
8dlr,SEQ_H1_7_1
2xtj,SEQ_H1_7_1
4yjz,SEQ_H1_7_1
8wyj,SEQ_H1_7_1
7y0w,SEQ_H1_7_1
4r4n,SEQ_H1_7_1
7so5,SEQ_H1_7_1
7kfh,SEQ_H1_7_1
5d1q,SEQ_H1_7_1
3p0y,SEQ_H1_7_1
7f9w,SEQ_H1_7_1
8tp2,SEQ_H1_7_1
6wo5,SEQ_H1_7_1
7sue,SEQ_H1_7_1
8r9y,SEQ_H1_7_1
6yio,SEQ_H1_7_1
6vy4,SEQ_H1_7_1
6vc9,SEQ_H1_7_1
5vgj,SEQ_H1_7_1
8w0y,SEQ_H1_7_1
8cin,SEQ_H1_7_1
7ytn,SEQ_H1_7_1
7vyr,SEQ_H1_7_1
7s8h,SEQ_H1_7_1
8vqd,SEQ_H1_7_1
7kej,SEQ_H1_7_1
8dwa,SEQ_H1_7_1
7kml,SEQ_H1_7_1
7klg,SEQ_H1_7_1
7x8w,SEQ_H1_7_1
3r1g,SEQ_H1_7_1
5xhv,SEQ_H1_7_1
6o2b,SEQ_H1_7_1
8sau,SEQ_H1_7_1
8tjn,SEQ_H1_7_1
8jmm,SEQ_H1_7_1
4jhw,SEQ_H1_7_1
2xra,SEQ_H1_7_1
8dnn,SEQ_H1_7_1
6wty,SEQ_H1_7_1
8tzy,SEQ_H1_7_1
1bvk,SEQ_H1_7_1
4ywg,SEQ_H1_7_1
8q5d,SEQ_H1_7_1
7ljr,SEQ_H1_7_1
7kmg,SEQ_H1_7_1
3ma9,SEQ_H1_7_1
2qad,SEQ_H1_7_1
6cmg,SEQ_H1_7_1
4khx,SEQ_H1_7_1
7wtf,SEQ_H1_7_1
7uvs,SEQ_H1_7_1
7wh8,SEQ_H1_7_1
8tgv,SEQ_H1_7_1
6iw2,SEQ_H1_7_1
8vpf,SEQ_H1_7_1
3eob,SEQ_H1_7_1
2r0k,SEQ_H1_7_1
4hg4,SEQ_H1_7_1
2wub,SEQ_H1_7_1
7mf1,SEQ_H1_7_1
5jz7,SEQ_H1_7_1
7y0c,SEQ_H1_7_1
7k9z,SEQ_H1_7_1
7mlh,SEQ_H1_7_1
8a95,SEQ_H1_7_1
7u9e,SEQ_H1_7_1
7u9o,SEQ_H1_7_1
4mwf,SEQ_H1_7_1
9bjh,SEQ_H1_7_1
8fsj,SEQ_H1_7_1
6v4o,SEQ_H1_7_1
9bj3,SEQ_H1_7_1
7chy,SEQ_H1_7_1
6c6z,SEQ_H1_7_1
2qqk,SEQ_H1_7_1
7ru8,SEQ_H1_7_1
7v5k,SEQ_H1_7_1
6h2y,SEQ_H1_7_1
7mxl,SEQ_H1_7_1
6dfj,SEQ_H1_7_1
5y9j,SEQ_H1_7_1
7coe,SEQ_H1_7_1
4idj,SEQ_H1_7_1
7r8n,SEQ_H1_7_1
7u9g,SEQ_H1_7_1
6iuv,SEQ_H1_7_1
7zrc,SEQ_H1_7_1
8y3h,SEQ_H1_7_1
8thz,SEQ_H1_7_1
8uzp,SEQ_H1_7_1
8g3q,SEQ_H1_7_1
8g3m,SEQ_H1_7_1
6uyg,SEQ_H1_7_1
7dha,SEQ_H1_7_1
8gy5,SEQ_H1_7_1
8d9y,SEQ_H1_7_1
8ghk,SEQ_H1_7_1
8dz4,SEQ_H1_7_1
3u30,SEQ_H1_7_1
8ffe,SEQ_H1_7_1
7wch,SEQ_H1_7_1
6utk,SEQ_H1_7_1
6vn1,SEQ_H1_7_1
7uar,SEQ_H1_7_1
7jx3,SEQ_H1_7_1
8wsp,SEQ_H1_7_1
8r8k,SEQ_H1_7_1
2fjh,SEQ_H1_7_1
9fgr,SEQ_H1_7_1
9fgt,SEQ_H1_7_1
7rxi,SEQ_H1_7_1
6n8d,SEQ_H1_7_1
4g3y,SEQ_H1_7_1
7x8y,SEQ_H1_7_1
6dc3,SEQ_H1_7_1
8fdo,SEQ_H1_7_1
8awm,SEQ_H1_7_1
4dtg,SEQ_H1_7_1
3g6d,SEQ_H1_7_1
6dkj,SEQ_H1_7_1
7cj2,SEQ_H1_7_1
7eya,SEQ_H1_7_1
6phc,SEQ_H1_7_1
6m3c,SEQ_H1_7_1
7prz,SEQ_H1_7_1
7e9b,SEQ_H1_7_1
5usl,SEQ_H1_7_1
6xq2,SEQ_H1_7_1
7lsf,SEQ_H1_7_1
3kr3,SEQ_H1_7_1
7lxw,SEQ_H1_7_1
5wi9,SEQ_H1_7_1
5yy5,SEQ_H1_7_1
3nh7,SEQ_H1_7_1
6plk,SEQ_H1_7_1
5bo1,SEQ_H1_7_1
7ps2,SEQ_H1_7_1
6wir,SEQ_H1_7_1
7ykj,SEQ_H1_7_1
7uvi,SEQ_H1_7_1
8j1q,SEQ_H1_7_1
8dyy,SEQ_H1_7_1
7ukl,SEQ_H1_7_1
8xsj,SEQ_H1_7_1
8q5y,SEQ_H1_7_1
9c44,SEQ_H1_7_1
8ykt,SEQ_H1_7_1
8jqn,SEQ_H1_7_1
4rx4,SEQ_H1_7_1
4rwy,SEQ_H1_7_1
4ydk,SEQ_H1_7_1
6e63,SEQ_H1_7_1
6xkq,SEQ_H1_7_1
6pzw,SEQ_H1_7_1
8u5l,SEQ_H1_7_1
7orb,SEQ_H1_7_1
9bdg,SEQ_H1_7_1
6e56,SEQ_H1_7_1
3idy,SEQ_H1_7_1
8kdr,SEQ_H1_7_1
6wn1,SEQ_H1_7_1
5kw9,SEQ_H1_7_1
5d1x,SEQ_H1_7_1
5te6,SEQ_H1_7_1
8qq0,SEQ_H1_7_1
7lfa,SEQ_H1_7_1
8rh0,SEQ_H1_7_1
2r56,SEQ_H1_7_1
7tat,SEQ_H1_7_1
7ahv,SEQ_H1_7_1
7n0a,SEQ_H1_7_1
7ls9,SEQ_H1_7_1
7kzb,SEQ_H1_7_1
6b0n,SEQ_H1_7_1
6yxd,SEQ_H1_7_1
8dw9,SEQ_H1_7_1
8sb5,SEQ_H1_7_1
8sb2,SEQ_H1_7_1
8sas,SEQ_H1_7_1
8vgv,SEQ_H1_7_1
8pwh,SEQ_H1_7_1
8gpy,SEQ_H1_7_1
2ybr,SEQ_H1_7_1
9azt,SEQ_H1_7_1
8sxj,SEQ_H1_7_1
7wi0,SEQ_H1_7_1
5j13,SEQ_H1_7_1
7q9f,SEQ_H1_7_1
5czx,SEQ_H1_7_1
8sdh,SEQ_H1_7_1
8sis,SEQ_H1_7_1
7rxj,SEQ_H1_7_1
7e5s,SEQ_H1_7_1
7unb,SEQ_H1_7_1
8rz1,SEQ_H1_7_1
7ukm,SEQ_H1_7_1
7chh,SEQ_H1_7_1
7e8c,SEQ_H1_7_1
6wtv,SEQ_H1_7_1
6wtu,SEQ_H1_7_1
7ezv,SEQ_H1_7_1
7r6x,SEQ_H1_7_1
7lrt,SEQ_H1_7_1
4dke,SEQ_H1_7_1
5vl7,SEQ_H1_7_1
7tcc,SEQ_H1_7_1
7qti,SEQ_H1_7_1
8d7e,SEQ_H1_7_1
7s5r,SEQ_H1_7_1
3grw,SEQ_H1_7_1
7qez,SEQ_H1_7_1
4wv1,SEQ_H1_7_1
7orb,SEQ_H1_7_1
7beo,SEQ_H1_7_1
8tqi,SEQ_H1_7_1
2vh5,SEQ_H1_7_1
8gsb,SEQ_H1_7_1
7ps5,SEQ_H1_7_1
7t3d,SEQ_H1_7_1
5w4l,SEQ_H1_7_1
7s7i,SEQ_H1_7_1
8d48,SEQ_H1_7_1
8f5n,SEQ_H1_7_1
8bcz,SEQ_H1_7_1
8ahn,SEQ_H1_7_1
8h07,SEQ_H1_7_1
8vus,SEQ_H1_7_1
8cxg,SEQ_H1_7_1
6o9i,SEQ_H1_7_1
7bu8,SEQ_H1_7_1
3d85,SEQ_H1_7_1
7eh5,SEQ_H1_7_1
7yk4,SEQ_H1_7_1
5ggt,SEQ_H1_7_1
8jg5,SEQ_H1_7_1
6rps,SEQ_H1_7_1
8hlb,SEQ_H1_7_1
5nh3,SEQ_H1_7_1
7x91,SEQ_H1_7_1
5ug0,SEQ_H1_7_1
4fqj,SEQ_H1_7_1
7k8s,SEQ_H1_7_1
8w0v,SEQ_H1_7_1
7quh,SEQ_H1_7_1
6n81,SEQ_H1_7_1
8soz,SEQ_H1_7_1
9gwt,SEQ_H1_7_1
8sow,SEQ_H1_7_1
7kn3,SEQ_H1_7_1
8hlb,SEQ_H1_7_1
4lmq,SEQ_H1_7_1
8bg3,SEQ_H1_7_2
7e5y,SEQ_H1_7_2
7np1,SEQ_H1_7_2
7che,SEQ_H1_7_2
7r8l,SEQ_H1_7_2
7ul1,SEQ_H1_7_2
7uow,SEQ_H1_7_2
9l6c,SEQ_H1_7_2
7xs8,SEQ_H1_7_2
7yvg,SEQ_H1_7_2
8xsd,SEQ_H1_7_2
8qh0,SEQ_H1_7_2
8hws,SEQ_H1_7_2
7wt7,SEQ_H1_7_2
8zhq,SEQ_H1_7_2
8xbf,SEQ_H1_7_2
7bz5,SEQ_H1_7_2
7k8m,SEQ_H1_7_2
7cjf,SEQ_H1_7_2
7cho,SEQ_H1_7_2
7e86,SEQ_H1_7_2
6xe1,SEQ_H1_7_2
8toa,SEQ_H1_7_2
7ejz,SEQ_H1_7_2
7mzf,SEQ_H1_7_2
7e88,SEQ_H1_7_2
7wcp,SEQ_H1_7_2
7chc,SEQ_H1_7_2
8c0y,SEQ_H1_7_2
7ey0,SEQ_H1_7_2
8wpw,SEQ_H1_7_2
8e1g,SEQ_H1_7_2
7zlk,SEQ_H1_7_2
7z3a,SEQ_H1_7_2
8bec,SEQ_H1_7_2
7s4s,SEQ_H1_7_2
7wnb,SEQ_H1_7_2
8bg2,SEQ_H1_7_2
8yww,SEQ_H1_7_2
9bj2,SEQ_H1_7_2
8k18,SEQ_H1_7_2
6u0n,SEQ_H1_7_2
7neg,SEQ_H1_7_2
7ps1,SEQ_H1_7_2
8jkf,SEQ_H1_7_2
9fgs,SEQ_H1_7_2
7m6d,SEQ_H1_7_2
8bcz,SEQ_H1_7_2
8yz5,SEQ_H1_7_2
8bg4,SEQ_H1_7_2
7qf0,SEQ_H1_7_2
7nd3,SEQ_H1_7_2
6xq4,SEQ_H1_7_2
7wbz,SEQ_H1_7_2
8xea,SEQ_H1_7_2
7t72,SEQ_H1_7_2
7kfx,SEQ_H1_7_2
9b8j,SEQ_H1_7_2
8dce,SEQ_H1_7_2
7kmi,SEQ_H1_7_2
7czq,SEQ_H1_7_2
7d0c,SEQ_H1_7_2
4tsa,SEQ_H1_7_2
7chs,SEQ_H1_7_2
4tsb,SEQ_H1_7_2
7kfy,SEQ_H1_7_2
7z0x,SEQ_H1_7_2
7n3i,SEQ_H1_7_2
7m6f,SEQ_H1_7_2
7jmp,SEQ_H1_7_2
7czs,SEQ_H1_7_2
7kfw,SEQ_H1_7_2
7kfv,SEQ_H1_7_2
7pqy,SEQ_H1_7_2
6xcn,SEQ_H1_7_2
7jmo,SEQ_H1_7_2
7wos,SEQ_H1_7_2
7s5p,SEQ_H1_7_2
8bse,SEQ_H1_7_2
7xsc,SEQ_H1_7_2
8k3c,SEQ_H1_7_2
8gf2,SEQ_H1_7_2
7f7h,SEQ_H1_7_2
7b3o,SEQ_H1_7_2
7mzn,SEQ_H1_7_2
7kmh,SEQ_H1_7_2
7sc1,SEQ_H1_7_2
7nx7,SEQ_H1_7_2
7yr1,SEQ_H1_7_2
8hc2,SEQ_H1_7_2
8j1t,SEQ_H1_7_2
8hn6,SEQ_H1_7_2
7vmu,SEQ_H1_7_2
7e7y,SEQ_H1_7_2
7bej,SEQ_H1_7_2
7nd5,SEQ_H1_7_2
7swp,SEQ_H1_7_3
7ket,SEQ_H1_7_3
3hi6,SEQ_H1_7_3
7zxk,SEQ_H1_7_3
7uxl,SEQ_H1_7_3
7u0x,SEQ_H1_7_3
5xj4,SEQ_H1_7_3
8udz,SEQ_H1_7_3
8xsf,SEQ_H1_7_3
7mzk,SEQ_H1_7_3
6vy5,SEQ_H1_7_3
7lf8,SEQ_H1_7_3
6mg7,SEQ_H1_7_3
8siq,SEQ_H1_7_3
8cbe,SEQ_H1_7_3
5tzu,SEQ_H1_7_3
1dee,SEQ_H1_7_3
1hez,SEQ_H1_7_3
7yxu,SEQ_H1_7_3
9e6k,SEQ_H1_7_3
8tui,SEQ_H1_7_3
4v1d,SEQ_H1_7_3
8xi6,SEQ_H1_7_3
8dy1,SEQ_H1_7_3
9gox,SEQ_H1_7_3
8oz3,SEQ_H1_7_3
8gau,SEQ_H1_7_3
3skj,SEQ_H1_7_3
7su0,SEQ_H1_7_3
4ogx,SEQ_H1_7_3
7x90,SEQ_H1_7_3
7usl,SEQ_H1_7_3
6ute,SEQ_H1_7_3
6xxv,SEQ_H1_7_3
7t4r,SEQ_H1_7_3
8sit,SEQ_H1_7_3
7u9e,SEQ_H1_7_3
6hhc,SEQ_H1_7_3
7t7b,SEQ_H1_7_3
4g6j,SEQ_H1_7_3
7yh6,SEQ_H1_7_3
5t33,SEQ_H1_7_3
4y5y,SEQ_H1_7_3
8tqk,SEQ_H1_7_3
8znz,SEQ_H1_7_3
9dq3,SEQ_H1_7_3
5vig,SEQ_H1_7_3
7amr,SEQ_H1_7_3
4dqo,SEQ_H1_7_3
2qqn,SEQ_H1_7_3
1h0d,SEQ_H1_7_3
7dzx,SEQ_H1_7_3
4uu9,SEQ_H1_7_3
6oej,SEQ_H1_7_3
6wno,SEQ_H1_7_3
6x4t,SEQ_H1_7_3
7e3o,SEQ_H1_7_3
7eng,SEQ_H1_7_3
6ii4,SEQ_H1_7_3
6b0s,SEQ_H1_7_3
7bpk,SEQ_H1_7_3
7n4l,SEQ_H1_7_3
6m3b,SEQ_H1_7_3
4qci,SEQ_H1_7_3
3ux9,SEQ_H1_7_3
7s0b,SEQ_H1_7_3
7s0d,SEQ_H1_7_3
6cyf,SEQ_H1_7_3
4p59,SEQ_H1_7_3
7rxl,SEQ_H1_7_3
7cu5,SEQ_H1_7_3
4k8r,SEQ_H1_7_3
7s0c,SEQ_H1_7_3
7kqb,SEQ_H1_7_3
7wi0,SEQ_H1_7_3
7lcv,SEQ_H1_7_3
7ly3,SEQ_H1_7_3
6txz,SEQ_H1_7_3
5grj,SEQ_H1_7_3
7k8z,SEQ_H1_7_3
4y5v,SEQ_H1_7_3
6jjp,SEQ_H1_7_3
6o25,SEQ_H1_7_3
4dkf,SEQ_H1_7_3
7q0i,SEQ_H1_7_3
4y5x,SEQ_H1_7_3
3bn9,SEQ_H1_7_3
6umx,SEQ_H1_7_3
6uta,SEQ_H1_7_3
7tzh,SEQ_H1_7_3
6u02,SEQ_H1_7_3
6ktr,SEQ_H1_7_3
7jv4,SEQ_H1_7_3
7tb8,SEQ_H1_7_3
6vca,SEQ_H1_7_3
6ii8,SEQ_H1_7_3
7r40,SEQ_H1_7_3
5mes,SEQ_H1_7_3
7jva,SEQ_H1_7_3
7pnm,SEQ_H1_7_3
6kyz,SEQ_H1_7_3
6att,SEQ_H1_7_3
7dzy,SEQ_H1_7_3
5ggv,SEQ_H1_7_3
7si2,SEQ_H1_7_3
7dpm,SEQ_H1_7_3
6yye,SEQ_H1_7_3
7l7r,SEQ_H1_7_3
7czu,SEQ_H1_7_3
7dk2,SEQ_H1_7_3
7ej4,SEQ_H1_7_3
7rew,SEQ_H1_7_3
7f3q,SEQ_H1_7_3
4ers,SEQ_H1_7_3
6nms,SEQ_H1_7_3
4xx1,SEQ_H1_7_3
4qhu,SEQ_H1_7_3
2vxs,SEQ_H1_7_3
7mxl,SEQ_H1_7_3
7cwn,SEQ_H1_7_3
7wog,SEQ_H1_7_3
7wo4,SEQ_H1_7_3
8dzh,SEQ_H1_7_3
7tjq,SEQ_H1_7_3
8e7m,SEQ_H1_7_3
8as0,SEQ_H1_7_3
8dxt,SEQ_H1_7_3
7yck,SEQ_H1_7_3
7xcz,SEQ_H1_7_3
7wsl,SEQ_H1_7_3
7x95,SEQ_H1_7_3
8cwi,SEQ_H1_7_3
8dww,SEQ_H1_7_3
7vzt,SEQ_H1_7_3
8eoo,SEQ_H1_7_3
5xj3,SEQ_H1_7_3
8f6x,SEQ_H1_7_3
8dz3,SEQ_H1_7_3
8dzw,SEQ_H1_7_3
8ghp,SEQ_H1_7_3
8f0i,SEQ_H1_7_3
8eqf,SEQ_H1_7_3
8bk2,SEQ_H1_7_3
8i5l,SEQ_H1_7_3
8f2x,SEQ_H1_7_3
8wsu,SEQ_H1_7_3
8r9y,SEQ_H1_7_3
8r9w,SEQ_H1_7_3
8vk1,SEQ_H1_7_3
8rpb,SEQ_H1_7_3
8rp8,SEQ_H1_7_3
8xse,SEQ_H1_7_3
8xse,SEQ_H1_7_3
8zhe,SEQ_H1_7_3
8tft,SEQ_H1_7_3
8tbb,SEQ_H1_7_3
8uzc,SEQ_H1_7_3
8s6z,SEQ_H1_7_3
8ume,SEQ_H1_7_3
9aru,SEQ_H1_7_3
8v13,SEQ_H1_7_3
9l6c,SEQ_H1_7_3
9l6c,SEQ_H1_7_3
4oqt,SEQ_H1_7_3
7mzj,SEQ_H1_7_3
7uvh,SEQ_H1_7_3
9l1s,SEQ_H1_7_3
8hn7,SEQ_H1_7_3
2ghw,SEQ_H1_7_3
8pwx,SEQ_H1_7_3
7vux,SEQ_H1_7_3
8cbd,SEQ_H1_7_3
7ua2,SEQ_H1_7_3
7e39,SEQ_H1_7_3
5yoy,SEQ_H1_7_3
7zbu,SEQ_H1_7_3
8f2j,SEQ_H1_7_3
8dfi,SEQ_H1_7_3
7wr9,SEQ_H1_7_3
8k5g,SEQ_H1_7_3
7wsc,SEQ_H1_7_3
6ye3,SEQ_H1_7_3
7mtb,SEQ_H1_7_3
7wwl,SEQ_H1_7_3
7u9p,SEQ_H1_7_3
7sk3,SEQ_H1_7_3
7x08,SEQ_H1_7_3
7u9w,SEQ_H1_7_3
7x92,SEQ_H1_7_3
6xpz,SEQ_H1_7_3
7ntc,SEQ_H1_7_3
2xqb,SEQ_H1_7_3
6nmu,SEQ_H1_7_3
8eji,SEQ_H1_7_3
9cci,SEQ_H1_7_3
9b2w,SEQ_H1_7_3
8dg9,SEQ_H1_7_3
6xzw,SEQ_H1_7_3
7wwm,SEQ_H1_7_3
7mmn,SEQ_H1_7_3
8tea,SEQ_H1_7_3
7s0x,SEQ_H1_7_3
8khc,SEQ_H1_7_3
7ey5,SEQ_H1_7_3
8sja,SEQ_H1_7_3
8dfh,SEQ_H1_7_3
8keo,SEQ_H1_7_3
5x8l,SEQ_H1_7_3
8ez7,SEQ_H1_7_3
7ly9,SEQ_H1_7_3
5veb,SEQ_H1_7_3
7dm2,SEQ_H1_7_3
4ut6,SEQ_H1_7_3
4u6v,SEQ_H1_7_3
7djz,SEQ_H1_7_3
7wi0,SEQ_H1_7_3
7e3k,SEQ_H1_7_3
7l7e,SEQ_H1_7_3
8bg8,SEQ_H1_7_3
6wo4,SEQ_H1_7_3
7n62,SEQ_H1_7_3
6o9h,SEQ_H1_7_3
7mem,SEQ_H1_7_3
8dg8,SEQ_H1_7_3
7ucq,SEQ_H1_7_3
8h7l,SEQ_H1_7_3
7v23,SEQ_H1_7_3
5w42,SEQ_H1_7_3
4hfu,SEQ_H1_7_3
2cmr,SEQ_H1_7_3
9dpc,SEQ_H1_7_3
8gto,SEQ_H1_7_3
8r1d,SEQ_H1_7_3
7laa,SEQ_H1_7_3
4kv5,SEQ_H1_7_3
8yro,SEQ_H1_7_3
6u6u,SEQ_H1_7_3
6xy2,SEQ_H1_7_3
5occ,SEQ_H1_7_3
7l2f,SEQ_H1_7_3
7cgw,SEQ_H1_7_3
8ivx,SEQ_H1_7_3
7tcc,SEQ_H1_7_3
9b8j,SEQ_H1_7_3
8gye,SEQ_H1_7_3
8sdg,SEQ_H1_7_3
7s07,SEQ_H1_7_3
8vc7,SEQ_H1_7_3
7niw,SEQ_H1_7_3
6woz,SEQ_H1_7_3
4zs6,SEQ_H1_7_3
4i77,SEQ_H1_7_3
6ukj,SEQ_H1_7_3
7tpg,SEQ_H1_7_3
4rrp,SEQ_H1_7_3
8tnj,SEQ_H1_7_3
8smm,SEQ_H1_7_3
8cxi,SEQ_H1_7_3
6o39,SEQ_H1_7_3
7q9j,SEQ_H1_7_3
5eii,SEQ_H1_7_3
5bk2,SEQ_H1_7_3
5vkd,SEQ_H1_7_3
6fy1,SEQ_H1_7_3
5k9q,SEQ_H1_7_3
5w4l,SEQ_H1_7_3
8gnh,SEQ_H1_7_3
6mtq,SEQ_H1_7_3
7xdl,SEQ_H1_7_3
7uc8,SEQ_H1_7_3
7n3c,SEQ_H1_7_3
5ibl,SEQ_H1_7_3
5k9o,SEQ_H1_7_3
8ved,SEQ_H1_7_3
8g4p,SEQ_H1_7_3
6phb,SEQ_H1_7_3
7rr0,SEQ_H1_7_3
9b3k,SEQ_H1_7_3
7xj6,SEQ_H1_7_3
8kfa,SEQ_H1_7_3
8db4,SEQ_H1_7_3
8tv1,SEQ_H1_7_3
4dag,SEQ_H1_7_3
7r7n,SEQ_H1_7_3
7ru4,SEQ_H1_7_3
8qrf,SEQ_H1_7_3
8cim,SEQ_H1_7_3
3pgf,SEQ_H1_7_3
7mnl,SEQ_H1_7_3
4nnp,SEQ_H1_7_3
6o3a,SEQ_H1_7_3
7pgb,SEQ_H1_7_3
8pg0,SEQ_H1_7_3
5c8j,SEQ_H1_7_3
5uoe,SEQ_H1_7_3
7vng,SEQ_H1_7_3
7sk3,SEQ_H1_7_3
5bjz,SEQ_H1_7_3
4g7v,SEQ_H1_7_3
8dad,SEQ_H1_7_3
7x7o,SEQ_H1_7_3
7wp0,SEQ_H1_7_3
8s6m,SEQ_H1_7_3
9au2,SEQ_H1_7_3
5cd5,SEQ_H1_7_3
6ww5,SEQ_H1_7_3
7uvq,SEQ_H1_7_3
8f6e,SEQ_H1_7_3
4ttd,SEQ_H1_7_3
5ggr,SEQ_H1_7_3
8jkh,SEQ_H1_7_3
7s5q,SEQ_H1_7_3
8ez8,SEQ_H1_7_3
2eks,SEQ_H1_7_3
6pdx,SEQ_H1_7_3
5f72,SEQ_H1_7_3
7yvi,SEQ_H1_7_3
2h9g,SEQ_H1_7_3
7n3d,SEQ_H1_7_3
7m3i,SEQ_H1_7_3
7msq,SEQ_H1_7_3
7ce2,SEQ_H1_7_3
4yk4,SEQ_H1_7_3
7czp,SEQ_H1_7_3
7czx,SEQ_H1_7_3
7sts,SEQ_H1_7_3
8jio,SEQ_H1_7_3
7str,SEQ_H1_7_3
7akd,SEQ_H1_7_3
3hi1,SEQ_H1_7_3
3q1s,SEQ_H1_7_3
6iut,SEQ_H1_7_3
7tri,SEQ_H1_7_3
8tnl,SEQ_H1_7_3
8eay,SEQ_H1_7_3
7yds,SEQ_H1_7_3
4edw,SEQ_H1_7_3
6xpy,SEQ_H1_7_3
8v5s,SEQ_H1_7_3
8dfg,SEQ_H1_7_3
8pww,SEQ_H1_7_3
6lxj,SEQ_H1_7_3
2dd8,SEQ_H1_7_3
5vag,SEQ_H1_7_3
6vgr,SEQ_H1_7_3
5gmq,SEQ_H1_7_3
6wh9,SEQ_H1_7_3
4xak,SEQ_H1_7_3
7zr9,SEQ_H1_7_3
5czv,SEQ_H1_7_3
7tht,SEQ_H1_7_3
5cba,SEQ_H1_7_3
7dx4,SEQ_H1_7_3
7m6i,SEQ_H1_7_3
5cbe,SEQ_H1_7_3
7dk0,SEQ_H1_7_3
3nps,SEQ_H1_7_3
6o41,SEQ_H1_7_3
4m8q,SEQ_H1_7_3
4hj0,SEQ_H1_7_3
4dn4,SEQ_H1_7_3
5xmh,SEQ_H1_7_3
7s6j,SEQ_H1_7_3
7cyv,SEQ_H1_7_3
6mto,SEQ_H1_7_3
7v3l,SEQ_H1_7_3
7sd3,SEQ_H1_7_3
7x25,SEQ_H1_7_3
7wqv,SEQ_H1_7_3
7xj6,SEQ_H1_7_3
8byu,SEQ_H1_7_3
8sxp,SEQ_H1_7_3
8pwv,SEQ_H1_7_3
8z4e,SEQ_H1_7_3
8zho,SEQ_H1_7_3
7qf1,SEQ_H1_7_3
8pwu,SEQ_H1_7_3
7jie,SEQ_H1_7_3
7kra,SEQ_H1_7_3
7e23,SEQ_H1_7_3
7e5o,SEQ_H1_7_3
6mlk,SEQ_H1_7_3
6xqw,SEQ_H1_7_3
6ii9,SEQ_H1_7_3
7m7b,SEQ_H1_7_3
7po5,SEQ_H1_7_3
7pnq,SEQ_H1_7_3
7ycn,SEQ_H1_7_3
8w0x,SEQ_H1_7_3
8ee1,SEQ_H1_7_3
6v4n,SEQ_H1_7_3
7s1b,SEQ_H1_7_3
6wqo,SEQ_H1_7_3
7wph,SEQ_H1_8_1
6dfh,SEQ_H1_8_1
5gzo,SEQ_H1_8_1
8vuj,SEQ_H1_8_1
7mdp,SEQ_H1_8_1
8x0y,SEQ_H1_8_1
8ezk,SEQ_H1_8_1
6b0h,SEQ_H1_8_1
4xnm,SEQ_H1_8_1
7kde,SEQ_H1_8_2
4m5z,SEQ_H1_8_3
7yv1,SEQ_H1_8_3
8dcc,SEQ_H1_8_3
7xdl,SEQ_H1_8_3
7shu,SEQ_H1_8_3
7uvq,SEQ_H1_8_3
7shz,SEQ_H1_8_3
7bsc,SEQ_H1_8_3
6pzy,SEQ_H1_8_3
7shy,SEQ_H1_8_3
7si0,SEQ_H1_8_3
8erq,SEQ_H1_9_1
8t6m,SEQ_H1_9_1
8vye,SEQ_H1_9_1
7wrj,SEQ_H1_9_1
8tma,SEQ_H1_9_1
9bdf,SEQ_H1_9_1
7wee,SEQ_H1_9_1
3lev,SEQ_H1_9_1
7ycy,SEQ_H1_9_1
8gdr,SEQ_H1_9_1
4ps4,SEQ_H1_9_1
8rmx,SEQ_H1_9_1
7yvk,SEQ_H1_9_1
7lss,SEQ_H1_9_1
7cm4,SEQ_H1_9_1
7d0d,SEQ_H1_9_1
8hp9,SEQ_H1_9_1
7xsa,SEQ_H1_9_1
7yve,SEQ_H1_9_1
7t01,SEQ_H1_9_1
6vug,SEQ_H1_9_1
7mmo,SEQ_H1_9_1
4g6m,SEQ_H1_9_1
6urm,SEQ_H1_9_1
6ywc,SEQ_H1_9_1
8ywq,SEQ_H1_9_1
8rgz,SEQ_H1_9_1
8cw9,SEQ_H1_9_1
6ywd,SEQ_H1_9_1
3l5x,SEQ_H1_9_1
7ox1,SEQ_H1_9_2
8vww,SEQ_H1_9_2
7bq5,SEQ_H1_9_2
6oe4,SEQ_H1_9_2
6oan,SEQ_H1_9_2
7m30,SEQ_H1_9_2
8tp9,SEQ_H1_9_2
8bbo,SEQ_H1_9_2
8y4c,SEQ_H1_9_2
7ttx,SEQ_H1_9_2
7q0h,SEQ_H1_9_2
6uig,SEQ_H1_9_2
5ush,SEQ_H1_9_2
8v5q,SEQ_H1_9_2
8vcr,SEQ_H1_9_2
8cbd,SEQ_H1_9_2
6e4x,SEQ_H1_9_2
7kn4,SEQ_H1_9_2
7n5h,SEQ_H1_9_2
7y0v,SEQ_H1_9_2
8e6j,SEQ_H1_9_2
7qnw,SEQ_H1_9_2
8vvk,SEQ_H1_9_2
8u1q,SEQ_H1_9_2
8dwx,SEQ_H1_9_2
7ps0,SEQ_H1_9_2
9mer,SEQ_H1_9_2
5sx4,SEQ_H1_9_2
7czw,SEQ_H1_9_2
8e6k,SEQ_H1_9_2
8u1s,SEQ_H1_9_2
8r1c,SEQ_H1_9_2
7pry,SEQ_H1_9_3
7oly,SEQ_H1_9_3
5d1z,SEQ_H1_9_3
7ps7,SEQ_H1_9_3
6pze,SEQ_H1_9_3
5uqy,SEQ_H1_9_3
5xwd,SEQ_H1_9_3
7rbu,SEQ_H1_9_3
9bif,SEQ_H1_9_3
6r2s,SEQ_H1_9_3
7kql,SEQ_H1_9_3
6i04,SEQ_H1_9_3
5o1r,SEQ_H1_9_3
6tou,SEQ_H1_9_3
7bel,SEQ_H1_9_3
5k59,SEQ_H1_9_3
7l7r,SEQ_H1_9_3
8veb,SEQ_H1_9_3
8zho,SEQ_H1_9_3
2vxq,SEQ_H1_9_3
5utz,SEQ_H1_9_3
5w1k,SEQ_H1_9_3
5xku,SEQ_H1_9_3
8vef,SEQ_H1_9_3
8jqm,SEQ_H1_9_3
7uxl,SEQ_H1_9_3
7unb,SEQ_H1_9_3
8zgu,SEQ_H1_9_3
7t17,SEQ_H1_9_3
6nn3,SEQ_H1_9_3
4rfo,SEQ_H1_9_3
5bv7,SEQ_H1_9_3
2j6e,SEQ_H1_9_3
8tp6,SEQ_H1_9_3
8eoo,SEQ_H1_9_3
8v9d,SEQ_H1_9_3
3b2u,SEQ_H1_9_3
8yx1,SEQ_H1_9_3
8tp7,SEQ_H1_9_3
