PDB_ID,cluster
7m7b,SEQ_L2_7_1
7ttx,SEQ_L2_7_1
7jx3,SEQ_L2_7_1
6ii8,SEQ_L2_7_1
7jva,SEQ_L2_7_1
7wog,SEQ_L2_7_1
7wo4,SEQ_L2_7_1
7ycn,SEQ_L2_7_1
7yck,SEQ_L2_7_1
7u0x,SEQ_L2_7_1
7xsb,SEQ_L2_7_1
7vzt,SEQ_L2_7_1
8eoo,SEQ_L2_7_1
8zho,SEQ_L2_7_1
8vuj,SEQ_L2_7_1
8zhe,SEQ_L2_7_1
7u9e,SEQ_L2_7_1
6mi2,SEQ_L2_7_1
8dlr,SEQ_L2_7_1
7ukl,SEQ_L2_7_1
8zby,SEQ_L2_7_1
8vye,SEQ_L2_7_1
3wsq,SEQ_L2_7_1
7uvh,SEQ_L2_7_1
7mzk,SEQ_L2_7_1
7kn4,SEQ_L2_7_1
8xi6,SEQ_L2_7_1
8e2u,SEQ_L2_7_1
8eay,SEQ_L2_7_1
8ezk,SEQ_L2_7_1
7x95,SEQ_L2_7_1
7e5y,SEQ_L2_7_1
8dwy,SEQ_L2_7_1
5k9o,SEQ_L2_7_1
6woz,SEQ_L2_7_1
7y0v,SEQ_L2_7_1
6urm,SEQ_L2_7_1
7bpk,SEQ_L2_7_1
6iut,SEQ_L2_7_1
7r8n,SEQ_L2_7_1
7mw3,SEQ_L2_7_1
6ii9,SEQ_L2_7_1
7swp,SEQ_L2_7_1
7wi0,SEQ_L2_7_1
7dx4,SEQ_L2_7_1
7m6f,SEQ_L2_7_1
7m6h,SEQ_L2_7_1
7cho,SEQ_L2_7_1
3whe,SEQ_L2_7_1
7wp0,SEQ_L2_7_1
7wqv,SEQ_L2_7_1
8hrd,SEQ_L2_7_1
8siq,SEQ_L2_7_1
8y4c,SEQ_L2_7_1
8zho,SEQ_L2_7_1
5y9j,SEQ_L2_7_1
8khc,SEQ_L2_7_1
8dg8,SEQ_L2_7_1
4ot1,SEQ_L2_7_1
7kdd,SEQ_L2_7_1
6pdx,SEQ_L2_7_1
7v2a,SEQ_L2_7_1
6pze,SEQ_L2_7_1
7cm4,SEQ_L2_7_1
7sj0,SEQ_L2_7_1
7cws,SEQ_L2_7_1
7wrj,SEQ_L2_7_1
8csj,SEQ_L2_7_1
5anm,SEQ_L2_7_1
7laa,SEQ_L2_7_1
7tjq,SEQ_L2_7_1
7yh6,SEQ_L2_7_1
8dg9,SEQ_L2_7_1
7sts,SEQ_L2_7_1
7m6e,SEQ_L2_7_1
8y3h,SEQ_L2_7_1
8gto,SEQ_L2_7_1
7e3o,SEQ_L2_7_1
7ps4,SEQ_L2_7_1
7tat,SEQ_L2_7_1
8jmm,SEQ_L2_7_1
6pzy,SEQ_L2_7_1
4yjz,SEQ_L2_7_1
6ii4,SEQ_L2_7_1
8dy1,SEQ_L2_7_1
2vxs,SEQ_L2_7_1
8bsf,SEQ_L2_7_1
8yro,SEQ_L2_7_1
9bj2,SEQ_L2_7_1
8vym,SEQ_L2_7_1
2dd8,SEQ_L2_7_1
7m3i,SEQ_L2_7_1
7qny,SEQ_L2_7_1
7vyr,SEQ_L2_7_1
7q9j,SEQ_L2_7_1
7lxw,SEQ_L2_7_1
4m5z,SEQ_L2_7_1
7wjy,SEQ_L2_7_1
7s5p,SEQ_L2_7_1
7ytn,SEQ_L2_7_1
9azr,SEQ_L2_7_1
8sit,SEQ_L2_7_1
7phu,SEQ_L2_7_1
7ey0,SEQ_L2_7_1
5ugy,SEQ_L2_7_1
6wn1,SEQ_L2_7_1
5xwd,SEQ_L2_7_1
7f3q,SEQ_L2_7_1
8rh0,SEQ_L2_7_1
8f0h,SEQ_L2_7_1
7xmz,SEQ_L2_7_1
8s6m,SEQ_L2_7_1
9au2,SEQ_L2_7_1
8gpy,SEQ_L2_7_1
7s0x,SEQ_L2_7_1
6wtv,SEQ_L2_7_1
6wtu,SEQ_L2_7_1
7kde,SEQ_L2_7_1
7rxi,SEQ_L2_7_1
4qhu,SEQ_L2_7_1
7ly9,SEQ_L2_7_1
7e7y,SEQ_L2_7_1
7jmp,SEQ_L2_7_1
6wty,SEQ_L2_7_1
8qq0,SEQ_L2_7_1
8cin,SEQ_L2_7_1
8qpr,SEQ_L2_7_1
7ul0,SEQ_L2_7_1
5n0a,SEQ_L2_7_1
7ui1,SEQ_L2_7_1
7e7x,SEQ_L2_7_1
7xsa,SEQ_L2_7_1
7uvo,SEQ_L2_7_1
6b0s,SEQ_L2_7_1
7rxl,SEQ_L2_7_1
4xnm,SEQ_L2_7_1
8hld,SEQ_L2_7_1
8r1d,SEQ_L2_7_1
6xey,SEQ_L2_7_1
7z0x,SEQ_L2_7_1
7l2c,SEQ_L2_7_1
7lcn,SEQ_L2_7_1
7nd7,SEQ_L2_7_1
6um7,SEQ_L2_7_1
6xcn,SEQ_L2_7_1
8dcc,SEQ_L2_7_1
7wos,SEQ_L2_7_1
7x8w,SEQ_L2_7_1
7x08,SEQ_L2_7_1
8saz,SEQ_L2_7_1
8sax,SEQ_L2_7_1
7yvk,SEQ_L2_7_1
8bg3,SEQ_L2_7_1
8vpf,SEQ_L2_7_1
8suo,SEQ_L2_7_1
7wr9,SEQ_L2_7_1
6dfh,SEQ_L2_7_1
7ps7,SEQ_L2_7_1
7ly3,SEQ_L2_7_1
8cw9,SEQ_L2_7_1
7cyv,SEQ_L2_7_1
7k8x,SEQ_L2_7_1
4ut6,SEQ_L2_7_1
7ps6,SEQ_L2_7_1
5w08,SEQ_L2_7_1
7ps0,SEQ_L2_7_1
6xkq,SEQ_L2_7_1
4y5y,SEQ_L2_7_1
8sb3,SEQ_L2_7_1
8r1c,SEQ_L2_7_1
8sb0,SEQ_L2_7_1
8sas,SEQ_L2_7_1
8say,SEQ_L2_7_1
8sau,SEQ_L2_7_1
8sb5,SEQ_L2_7_1
5t3z,SEQ_L2_7_1
8sb4,SEQ_L2_7_1
8sb2,SEQ_L2_7_1
8sb1,SEQ_L2_7_1
8z6u,SEQ_L2_7_1
8sar,SEQ_L2_7_1
6u0n,SEQ_L2_7_1
7ur4,SEQ_L2_7_1
5kjr,SEQ_L2_7_1
6xkp,SEQ_L2_7_1
8gdr,SEQ_L2_7_1
8erq,SEQ_L2_7_1
7sue,SEQ_L2_7_1
7wee,SEQ_L2_7_1
8qrf,SEQ_L2_7_1
7ugq,SEQ_L2_7_1
8szy,SEQ_L2_7_1
8swh,SEQ_L2_7_1
8dm3,SEQ_L2_7_1
8yx9,SEQ_L2_7_1
8pwv,SEQ_L2_7_1
7ukm,SEQ_L2_7_1
6cdi,SEQ_L2_7_1
4uv7,SEQ_L2_7_1
5tzt,SEQ_L2_7_1
5iwl,SEQ_L2_7_1
9dq5,SEQ_L2_7_1
8rgz,SEQ_L2_7_1
8eoo,SEQ_L2_7_1
6b0e,SEQ_L2_7_1
6b0g,SEQ_L2_7_1
6wo5,SEQ_L2_7_1
8ved,SEQ_L2_7_1
7lue,SEQ_L2_7_1
7wkx,SEQ_L2_7_1
7jv4,SEQ_L2_7_1
5te6,SEQ_L2_7_1
7rxj,SEQ_L2_7_1
6phf,SEQ_L2_7_1
6kyz,SEQ_L2_7_1
7v23,SEQ_L2_7_1
8tgv,SEQ_L2_7_1
8f2j,SEQ_L2_7_1
4fqj,SEQ_L2_7_1
8sdh,SEQ_L2_7_1
7q0i,SEQ_L2_7_1
7uar,SEQ_L2_7_1
9azt,SEQ_L2_7_1
4dag,SEQ_L2_7_1
9aru,SEQ_L2_7_1
7yve,SEQ_L2_7_1
9dwe,SEQ_L2_7_1
8ez8,SEQ_L2_7_1
7m42,SEQ_L2_7_1
7mf1,SEQ_L2_7_1
7wph,SEQ_L2_7_1
7czw,SEQ_L2_7_1
5grj,SEQ_L2_7_1
8dce,SEQ_L2_7_1
7k8w,SEQ_L2_7_1
6lxj,SEQ_L2_7_1
6pzw,SEQ_L2_7_1
8dv6,SEQ_L2_7_1
8el2,SEQ_L2_7_1
7yvi,SEQ_L2_7_1
3u2s,SEQ_L2_7_1
7l2d,SEQ_L2_7_1
7lss,SEQ_L2_7_1
3wlw,SEQ_L2_7_1
7l5b,SEQ_L2_7_1
7czp,SEQ_L2_7_1
7l56,SEQ_L2_7_1
8j1q,SEQ_L2_7_1
7ycy,SEQ_L2_7_1
8gav,SEQ_L2_7_1
8z4e,SEQ_L2_7_1
8z6s,SEQ_L2_7_1
8wfh,SEQ_L2_7_1
6wm9,SEQ_L2_7_1
5w4l,SEQ_L2_7_1
7mmo,SEQ_L2_7_1
7fcp,SEQ_L2_7_1
7luc,SEQ_L2_7_1
8hes,SEQ_L2_7_1
4y5v,SEQ_L2_7_1
8y3i,SEQ_L2_7_1
8tp7,SEQ_L2_7_1
6utk,SEQ_L2_7_2
9fgs,SEQ_L2_7_2
7woa,SEQ_L2_7_2
7wch,SEQ_L2_7_2
8ez7,SEQ_L2_7_2
7s1b,SEQ_L2_7_2
7n62,SEQ_L2_7_2
4j6r,SEQ_L2_7_2
6xe1,SEQ_L2_7_2
7rr0,SEQ_L2_7_2
7mzm,SEQ_L2_7_2
7d0c,SEQ_L2_7_2
3hi1,SEQ_L2_7_2
7lab,SEQ_L2_7_2
7ezv,SEQ_L2_7_2
7r6x,SEQ_L2_7_2
7zr9,SEQ_L2_7_2
7k8m,SEQ_L2_7_2
7vyt,SEQ_L2_7_2
7e3k,SEQ_L2_7_2
7ps5,SEQ_L2_7_2
7rdw,SEQ_L2_7_2
7chc,SEQ_L2_7_2
7l2f,SEQ_L2_7_2
7n5h,SEQ_L2_7_2
6o25,SEQ_L2_7_2
7n3i,SEQ_L2_7_2
7ljr,SEQ_L2_7_2
7l7e,SEQ_L2_7_2
7q9f,SEQ_L2_7_2
7beo,SEQ_L2_7_2
7m6g,SEQ_L2_7_2
7m6i,SEQ_L2_7_2
7m6d,SEQ_L2_7_2
6v4o,SEQ_L2_7_2
7ls9,SEQ_L2_7_2
7tcc,SEQ_L2_7_2
7x7o,SEQ_L2_7_2
6wir,SEQ_L2_7_2
5ibl,SEQ_L2_7_2
6nms,SEQ_L2_7_2
6o2b,SEQ_L2_7_2
4ypg,SEQ_L2_7_2
7jmo,SEQ_L2_7_2
7qtj,SEQ_L2_7_2
7str,SEQ_L2_7_2
8dzh,SEQ_L2_7_2
8dlw,SEQ_L2_7_2
7y0c,SEQ_L2_7_2
7ykj,SEQ_L2_7_2
7x25,SEQ_L2_7_2
7uc8,SEQ_L2_7_2
7ul1,SEQ_L2_7_2
7s5r,SEQ_L2_7_2
7ru4,SEQ_L2_7_2
7s5q,SEQ_L2_7_2
7xj6,SEQ_L2_7_2
8a96,SEQ_L2_7_2
8gf2,SEQ_L2_7_2
8gsb,SEQ_L2_7_2
8bec,SEQ_L2_7_2
8bg8,SEQ_L2_7_2
8bg2,SEQ_L2_7_2
8k5g,SEQ_L2_7_2
8hp9,SEQ_L2_7_2
8sis,SEQ_L2_7_2
8u1c,SEQ_L2_7_2
8xea,SEQ_L2_7_2
8qrf,SEQ_L2_7_2
9fgt,SEQ_L2_7_2
8qh0,SEQ_L2_7_2
8wyj,SEQ_L2_7_2
8xsd,SEQ_L2_7_2
9l6c,SEQ_L2_7_2
9l6c,SEQ_L2_7_2
9bj3,SEQ_L2_7_2
5w4l,SEQ_L2_7_2
7tri,SEQ_L2_7_2
7n3c,SEQ_L2_7_2
4jb9,SEQ_L2_7_2
5xj4,SEQ_L2_7_2
7coe,SEQ_L2_7_2
4kxz,SEQ_L2_7_2
8w0v,SEQ_L2_7_2
7xdl,SEQ_L2_7_2
8c0y,SEQ_L2_7_2
7ll1,SEQ_L2_7_2
5w42,SEQ_L2_7_2
7qez,SEQ_L2_7_2
7lrt,SEQ_L2_7_2
6ofi,SEQ_L2_7_2
4hfu,SEQ_L2_7_2
6e56,SEQ_L2_7_2
5f9o,SEQ_L2_7_2
7djz,SEQ_L2_7_2
7bnv,SEQ_L2_7_2
7s4s,SEQ_L2_7_2
7lsf,SEQ_L2_7_2
7po5,SEQ_L2_7_2
7dk0,SEQ_L2_7_2
7dzy,SEQ_L2_7_2
4mwf,SEQ_L2_7_2
7nx7,SEQ_L2_7_2
7pnq,SEQ_L2_7_2
8dw9,SEQ_L2_7_2
7wcp,SEQ_L2_7_2
7uvi,SEQ_L2_7_2
8g3q,SEQ_L2_7_2
8g30,SEQ_L2_7_2
7yvg,SEQ_L2_7_2
8dz4,SEQ_L2_7_2
8dz3,SEQ_L2_7_2
8i3u,SEQ_L2_7_2
8tp2,SEQ_L2_7_2
8w0w,SEQ_L2_7_2
8vus,SEQ_L2_7_2
8y4a,SEQ_L2_7_2
6wo4,SEQ_L2_7_2
8dad,SEQ_L2_7_2
7r8l,SEQ_L2_7_2
7su0,SEQ_L2_7_2
9dq3,SEQ_L2_7_2
5xj3,SEQ_L2_7_2
7orb,SEQ_L2_7_2
7akd,SEQ_L2_7_2
9fgr,SEQ_L2_7_2
5w1k,SEQ_L2_7_2
7e23,SEQ_L2_7_2
7lop,SEQ_L2_7_2
5ggr,SEQ_L2_7_2
5ggt,SEQ_L2_7_2
3b2u,SEQ_L2_7_2
7r40,SEQ_L2_7_2
7lex,SEQ_L2_7_2
7s6j,SEQ_L2_7_2
7wwl,SEQ_L2_7_2
7u9o,SEQ_L2_7_2
7wh8,SEQ_L2_7_2
7z2m,SEQ_L2_7_2
7uvq,SEQ_L2_7_2
7ucq,SEQ_L2_7_2
7ua2,SEQ_L2_7_2
8gnh,SEQ_L2_7_2
8yww,SEQ_L2_7_2
8jmm,SEQ_L2_7_2
7mzl,SEQ_L2_7_2
8qzr,SEQ_L2_7_2
8cbe,SEQ_L2_7_2
8keo,SEQ_L2_7_2
6xq0,SEQ_L2_7_2
6uyg,SEQ_L2_7_2
8jel,SEQ_L2_7_2
5tz2,SEQ_L2_7_2
7wsl,SEQ_L2_7_2
6jjp,SEQ_L2_7_2
7e9b,SEQ_L2_7_2
7pry,SEQ_L2_7_2
8hn7,SEQ_L2_7_2
8tzy,SEQ_L2_7_2
8sxj,SEQ_L2_7_2
7cu5,SEQ_L2_7_2
2ghw,SEQ_L2_7_2
7xic,SEQ_L2_7_2
8g3m,SEQ_L2_7_2
5lbs,SEQ_L2_7_2
6nmu,SEQ_L2_7_2
8uzc,SEQ_L2_7_2
7wwm,SEQ_L2_7_2
5ug0,SEQ_L2_7_2
5f9w,SEQ_L2_7_2
8gpx,SEQ_L2_7_2
8r9w,SEQ_L2_7_2
8r9y,SEQ_L2_7_2
7n4l,SEQ_L2_7_3
7vmu,SEQ_L2_7_3
7b3o,SEQ_L2_7_3
4dvr,SEQ_L2_7_3
7chs,SEQ_L2_7_3
7ezv,SEQ_L2_7_3
7bz5,SEQ_L2_7_3
7rw2,SEQ_L2_7_3
7msq,SEQ_L2_7_3
7q0h,SEQ_L2_7_3
7bep,SEQ_L2_7_3
6kz0,SEQ_L2_7_3
7e86,SEQ_L2_7_3
7czs,SEQ_L2_7_3
7cdj,SEQ_L2_7_3
7neg,SEQ_L2_7_3
7kfw,SEQ_L2_7_3
7nd5,SEQ_L2_7_3
7kfv,SEQ_L2_7_3
7ley,SEQ_L2_7_3
7sc1,SEQ_L2_7_3
6wo5,SEQ_L2_7_3
7bej,SEQ_L2_7_3
7t4r,SEQ_L2_7_3
8dwa,SEQ_L2_7_3
8hc2,SEQ_L2_7_3
7wnb,SEQ_L2_7_3
7wn2,SEQ_L2_7_3
8hn6,SEQ_L2_7_3
8tp9,SEQ_L2_7_3
8bg4,SEQ_L2_7_3
8j1t,SEQ_L2_7_3
8hws,SEQ_L2_7_3
8jio,SEQ_L2_7_3
9dpc,SEQ_L2_7_3
8v5s,SEQ_L2_7_3
7eya,SEQ_L2_7_3
7xs8,SEQ_L2_7_3
6mfp,SEQ_L2_7_3
7qf0,SEQ_L2_7_3
7ey5,SEQ_L2_7_3
7bq5,SEQ_L2_7_3
7uow,SEQ_L2_7_3
7wbz,SEQ_L2_7_3
8sdg,SEQ_L2_7_3
8tqk,SEQ_L2_7_3
7v3l,SEQ_L2_7_3
8v5q,SEQ_L2_7_3
9bdg,SEQ_L2_7_3
8cwj,SEQ_L2_7_3
6xpy,SEQ_L2_7_3
6xpz,SEQ_L2_7_3
8jiz,SEQ_L2_7_3
8qkr,SEQ_L2_7_3
8w0y,SEQ_L2_7_3
6q20,SEQ_L2_7_3
8z4e,SEQ_L2_7_3
6q1z,SEQ_L2_7_3
8cwi,SEQ_L2_7_3
7uvq,SEQ_L2_7_3
8kfa,SEQ_L2_7_3
7t01,SEQ_L2_7_3
6v4n,SEQ_L2_7_3
8q5y,SEQ_L2_7_3
7s07,SEQ_L2_7_3
7e5s,SEQ_L2_7_3
7x8y,SEQ_L2_7_3
6u02,SEQ_L2_7_3
6oc3,SEQ_L2_7_3
6e4x,SEQ_L2_7_3
8h07,SEQ_L2_7_3
7st5,SEQ_L2_7_3
7kzb,SEQ_L2_7_3
2fjh,SEQ_L2_7_3
7eh5,SEQ_L2_7_3
5tzu,SEQ_L2_7_3
7lf2,SEQ_L2_7_3
7vux,SEQ_L2_7_3
7wb5,SEQ_L2_7_3
7cwn,SEQ_L2_7_3
5eii,SEQ_L2_7_3
5uek,SEQ_L2_7_3
5uea,SEQ_L2_7_3
5vkd,SEQ_L2_7_3
8f6e,SEQ_L2_7_3
9avo,SEQ_L2_7_3
8vui,SEQ_L2_7_3
9l1s,SEQ_L2_7_3
8pwh,SEQ_L2_7_3
5xhv,SEQ_L2_7_3
7eh5,SEQ_L2_7_3
7f15,SEQ_L2_7_3
8rpb,SEQ_L2_7_3
7yds,SEQ_L2_7_3
2fjg,SEQ_L2_7_3
5x8l,SEQ_L2_7_3
8pwh,SEQ_L2_7_3
3p0y,SEQ_L2_7_3
6bgt,SEQ_L2_7_3
7kml,SEQ_L2_7_3
7klg,SEQ_L2_7_3
7kzb,SEQ_L2_7_3
7zfd,SEQ_L2_7_3
6mlm,SEQ_L2_7_3
8f0i,SEQ_L2_7_3
7tb8,SEQ_L2_7_3
7u9w,SEQ_L2_7_3
7k8v,SEQ_L2_7_3
4zff,SEQ_L2_7_3
8oz3,SEQ_L2_7_3
7ws1,SEQ_L2_7_3
7ej4,SEQ_L2_7_3
8v5l,SEQ_L2_7_3
8dxs,SEQ_L2_7_3
7orb,SEQ_L2_7_3
7y3n,SEQ_L2_7_3
8e6j,SEQ_L2_7_3
8veb,SEQ_L2_7_3
8cwk,SEQ_L2_7_3
7n3d,SEQ_L2_7_3
5o4g,SEQ_L2_7_3
7n4i,SEQ_L2_7_3
7dzx,SEQ_L2_7_3
7kmi,SEQ_L2_7_3
5vag,SEQ_L2_7_3
7e5o,SEQ_L2_7_3
7kmg,SEQ_L2_7_3
4xak,SEQ_L2_7_3
7cjf,SEQ_L2_7_3
7np1,SEQ_L2_7_3
7or9,SEQ_L2_7_3
7kqb,SEQ_L2_7_3
7tht,SEQ_L2_7_3
7wi0,SEQ_L2_7_3
7r7n,SEQ_L2_7_3
5gzo,SEQ_L2_7_3
7mzj,SEQ_L2_7_3
6pzz,SEQ_L2_7_3
4yk4,SEQ_L2_7_3
7rbu,SEQ_L2_7_3
7qf1,SEQ_L2_7_3
5ggv,SEQ_L2_7_3
7k8s,SEQ_L2_7_3
7si2,SEQ_L2_7_3
7dpm,SEQ_L2_7_3
7ejz,SEQ_L2_7_3
7f3q,SEQ_L2_7_3
7cwn,SEQ_L2_7_3
7yr1,SEQ_L2_7_3
8as0,SEQ_L2_7_3
7u9p,SEQ_L2_7_3
7x90,SEQ_L2_7_3
7wtf,SEQ_L2_7_3
7yxu,SEQ_L2_7_3
7ua8,SEQ_L2_7_3
7xcz,SEQ_L2_7_3
7v5k,SEQ_L2_7_3
7ru8,SEQ_L2_7_3
8bbn,SEQ_L2_7_3
8dwx,SEQ_L2_7_3
8dww,SEQ_L2_7_3
8eqf,SEQ_L2_7_3
8cbd,SEQ_L2_7_3
8r8k,SEQ_L2_7_3
8pwx,SEQ_L2_7_3
8rp8,SEQ_L2_7_3
8xsf,SEQ_L2_7_3
8xse,SEQ_L2_7_3
8wpw,SEQ_L2_7_3
8vef,SEQ_L2_7_3
9l6c,SEQ_L2_7_3
7e39,SEQ_L2_7_3
8hlc,SEQ_L2_7_3
6mg7,SEQ_L2_7_3
7k9z,SEQ_L2_7_3
9bdf,SEQ_L2_7_3
8thz,SEQ_L2_7_3
8kdr,SEQ_L2_7_3
8gy5,SEQ_L2_7_3
7ey0,SEQ_L2_7_3
6uig,SEQ_L2_7_3
8cim,SEQ_L2_7_3
8bbo,SEQ_L2_7_3
6aru,SEQ_L2_7_3
7tl0,SEQ_L2_7_3
7mzn,SEQ_L2_7_3
8pq2,SEQ_L2_7_3
7e88,SEQ_L2_7_3
8wyj,SEQ_L2_7_3
7y0w,SEQ_L2_7_3
7te1,SEQ_L2_7_3
6bft,SEQ_L2_7_3
9c44,SEQ_L2_7_3
7ntc,SEQ_L2_7_3
7czq,SEQ_L2_7_3
7nd3,SEQ_L2_7_3
6phb,SEQ_L2_7_3
7s0b,SEQ_L2_7_3
7s0d,SEQ_L2_7_3
7kmh,SEQ_L2_7_3
7s0c,SEQ_L2_7_3
7fcp,SEQ_L2_7_3
7kqg,SEQ_L2_7_3
5sx4,SEQ_L2_7_3
7pqy,SEQ_L2_7_3
7czu,SEQ_L2_7_3
7t7b,SEQ_L2_7_3
7upl,SEQ_L2_7_3
7x92,SEQ_L2_7_3
7x91,SEQ_L2_7_3
7t72,SEQ_L2_7_3
7ycl,SEQ_L2_7_3
7s5q,SEQ_L2_7_3
8bcz,SEQ_L2_7_3
8bcz,SEQ_L2_7_3
7wt7,SEQ_L2_7_3
8e1g,SEQ_L2_7_3
8f2x,SEQ_L2_7_3
8pwu,SEQ_L2_7_3
8yz5,SEQ_L2_7_3
8xsj,SEQ_L2_7_3
8yww,SEQ_L2_7_3
8ywx,SEQ_L2_7_3
7kfy,SEQ_L2_7_3
8xse,SEQ_L2_7_3
8k18,SEQ_L2_7_3
6oe4,SEQ_L2_7_3
8h7l,SEQ_L2_7_3
8pww,SEQ_L2_7_3
4jhw,SEQ_L2_7_3
5udc,SEQ_L2_7_3
7mzh,SEQ_L2_7_3
7bel,SEQ_L2_7_3
4y5x,SEQ_L2_7_3
4al8,SEQ_L2_7_3
8e6k,SEQ_L2_7_3
8dyw,SEQ_L2_7_3
6xy2,SEQ_L2_7_3
7bu8,SEQ_L2_7_3
8bse,SEQ_L2_7_3
7kqh,SEQ_L2_7_3
7cgw,SEQ_L2_7_3
8tnl,SEQ_L2_7_3
8toa,SEQ_L2_7_3
7fjo,SEQ_L2_7_3
6xkr,SEQ_L2_7_3
8gf2,SEQ_L2_7_3
7kn3,SEQ_L2_7_3
7eng,SEQ_L2_7_3
6xpx,SEQ_L2_7_3
7prz,SEQ_L2_7_3
6xq4,SEQ_L2_7_3
7k9z,SEQ_L2_7_3
7czy,SEQ_L2_7_3
6pe8,SEQ_L2_7_3
7d0d,SEQ_L2_7_3
6pe9,SEQ_L2_7_3
7ps2,SEQ_L2_7_3
7czx,SEQ_L2_7_3
7mzk,SEQ_L2_7_3
7wn8,SEQ_L2_7_3
7uvs,SEQ_L2_7_3
7ubs,SEQ_L2_7_3
8dnn,SEQ_L2_7_3
8cwj,SEQ_L2_7_3
8ume,SEQ_L2_7_3
8suo,SEQ_L2_7_3
4ydi,SEQ_L2_7_3
6att,SEQ_L2_7_3
8ekd,SEQ_L2_7_3
8d48,SEQ_L2_7_3
7xjf,SEQ_L2_7_3
5n7w,SEQ_L2_7_3
6fax,SEQ_L2_7_3
8ghk,SEQ_L2_7_3
8gye,SEQ_L2_7_3
7tcc,SEQ_L2_7_3
7ps1,SEQ_L2_7_3
8hgl,SEQ_L2_7_3
7zbu,SEQ_L2_7_3
8tp6,SEQ_L2_7_3
7yrn,SEQ_L2_7_3
8r9y,SEQ_L2_7_3
7qtj,SEQ_L2_7_3
6iuv,SEQ_L2_7_3
7rxp,SEQ_L2_7_3
8bg1,SEQ_L2_7_3
7t4r,SEQ_L2_7_3
6c6z,SEQ_L2_7_3
6oej,SEQ_L2_7_3
7deo,SEQ_L2_7_3
6phc,SEQ_L2_7_3
5a3i,SEQ_L2_7_3
7pnm,SEQ_L2_7_3
7e8c,SEQ_L2_7_3
7chh,SEQ_L2_7_3
7wsc,SEQ_L2_7_3
8us0,SEQ_L2_7_3
7e9o,SEQ_L2_7_3
8zr4,SEQ_L2_7_3
5vn8,SEQ_L2_7_3
7kfx,SEQ_L2_7_3
8x0y,SEQ_L2_7_3
7dk2,SEQ_L2_7_3
7u9e,SEQ_L2_7_3
6meh,SEQ_L2_7_3
8cbd,SEQ_L2_7_3
6wqo,SEQ_L2_7_3
5ggs,SEQ_L2_7_3
7shz,SEQ_L2_7_3
7shy,SEQ_L2_7_3
7si0,SEQ_L2_7_3
7xsc,SEQ_L2_7_3
7mem,SEQ_L2_7_3
7mw6,SEQ_L2_7_3
6vn1,SEQ_L2_7_3
8yx1,SEQ_L2_7_3
7zrc,SEQ_L2_7_3
8u1s,SEQ_L2_7_3
4z5r,SEQ_L2_7_3
2qad,SEQ_L2_7_3
7byr,SEQ_L2_7_3
7phu,SEQ_L2_7_3
7mzf,SEQ_L2_7_3
6iw2,SEQ_L2_7_3
7qnw,SEQ_L2_7_3
7xdl,SEQ_L2_7_3
7xj6,SEQ_L2_7_3
8w0x,SEQ_L2_7_3
7y6l,SEQ_L2_7_3
7fjc,SEQ_L2_7_3
8dxt,SEQ_L2_7_3
8u1q,SEQ_L2_7_3
8tma,SEQ_L2_7_3
8t9z,SEQ_L2_7_3
6xq2,SEQ_L2_7_3
7tjq,SEQ_L2_7_3
8dyy,SEQ_L2_7_3
7k8z,SEQ_L2_7_3
9cci,SEQ_L2_7_3
8xbf,SEQ_L2_7_3
7wi0,SEQ_L2_7_3
