PDB_ID	CDR	Cluster_Label
7n3c	SEQ_H1	1
5ibl	SEQ_H1	1
5k9o	SEQ_H1	1
3wsq	SEQ_H1	1
7xdl	SEQ_H1	1
4al8	SEQ_H1	1
5n7w	SEQ_H1	1
7bnv	SEQ_H1	1
3wlw	SEQ_H1	1
6mi2	SEQ_H1	1
7k8v	SEQ_H1	1
7m6e	SEQ_H1	1
6phf	SEQ_H1	1
7ul0	SEQ_H1	1
7z2m	SEQ_H1	1
5a3i	SEQ_H1	1
8zby	SEQ_H1	1
7n4i	SEQ_H1	1
4j6r	SEQ_H1	1
7te1	SEQ_H1	1
5tz2	SEQ_H1	1
8say	SEQ_H1	1
7uvq	SEQ_H1	1
7ycl	SEQ_H1	1
7ps4	SEQ_H1	1
8z6s	SEQ_H1	1
8z6u	SEQ_H1	1
8hld	SEQ_H1	1
7fjo	SEQ_H1	1
8wyj	SEQ_H1	1
8u1c	SEQ_H1	1
8w0w	SEQ_H1	1
6b0e	SEQ_H1	1
6pzz	SEQ_H1	1
7fcp	SEQ_H1	1
7k8x	SEQ_H1	1
7lop	SEQ_H1	1
6xey	SEQ_H1	1
7rdw	SEQ_H1	1
7l5b	SEQ_H1	1
7mzh	SEQ_H1	1
7l56	SEQ_H1	1
7nd7	SEQ_H1	1
8dlw	SEQ_H1	1
8sax	SEQ_H1	1
8el2	SEQ_H1	1
9azr	SEQ_H1	1
8qpr	SEQ_H1	1
8gf2	SEQ_H1	1
7m42	SEQ_H1	1
8cwj	SEQ_H1	1
7kzb	SEQ_H1	1
7st5	SEQ_H1	1
5t3z	SEQ_H1	1
8tzy	SEQ_H1	1
7mw6	SEQ_H1	1
8yx9	SEQ_H1	1
8szy	SEQ_H1	1
7phu	SEQ_H1	1
7lab	SEQ_H1	1
5tzt	SEQ_H1	1
5ugy	SEQ_H1	1
7lf2	SEQ_H1	1
6um7	SEQ_H1	1
7wb5	SEQ_H1	1
8sb4	SEQ_H1	1
8sb3	SEQ_H1	1
8sb1	SEQ_H1	1
8sb0	SEQ_H1	1
8saz	SEQ_H1	1
8qkr	SEQ_H1	1
9dq5	SEQ_H1	1
8vym	SEQ_H1	1
8dw9	SEQ_H1	1
8sb5	SEQ_H1	1
8sb2	SEQ_H1	1
8sas	SEQ_H1	1
8pwh	SEQ_H1	1
8sar	SEQ_H1	1
7eh5	SEQ_H1	1
7u9o	SEQ_H1	1
8qq0	SEQ_H1	1
5ggt	SEQ_H1	1
7byr	SEQ_H1	1
7ps6	SEQ_H1	1
6xkr	SEQ_H1	1
7phu	SEQ_H1	1
7vyt	SEQ_H1	1
6b0g	SEQ_H1	1
7rw2	SEQ_H1	1
7k9z	SEQ_H1	1
7czy	SEQ_H1	1
7m6g	SEQ_H1	1
7m6h	SEQ_H1	1
7k8w	SEQ_H1	1
7mzk	SEQ_H1	1
7mw3	SEQ_H1	1
4ypg	SEQ_H1	1
7wn8	SEQ_H1	1
7ubs	SEQ_H1	1
7s5q	SEQ_H1	1
8y3i	SEQ_H1	1
8csj	SEQ_H1	1
3whe	SEQ_H1	1
6mlm	SEQ_H1	1
5te6	SEQ_H1	1
7chh	SEQ_H1	1
7e8c	SEQ_H1	1
5w08	SEQ_H1	1
5o4g	SEQ_H1	1
8gpx	SEQ_H1	1
4ydi	SEQ_H1	1
7f15	SEQ_H1	1
6fax	SEQ_H1	1
4z5r	SEQ_H1	1
7eh5	SEQ_H1	1
8dwy	SEQ_H1	1
7ua8	SEQ_H1	1
8t9z	SEQ_H1	1
7tl0	SEQ_H1	1
7fjc	SEQ_H1	1
5f9w	SEQ_H1	1
5iwl	SEQ_H1	1
5ggs	SEQ_H1	1
7lex	SEQ_H1	1
7yrn	SEQ_H1	1
7t4r	SEQ_H1	1
7wkx	SEQ_H1	1
7xjf	SEQ_H1	1
8g30	SEQ_H1	1
7e7x	SEQ_H1	1
7l2c	SEQ_H1	1
7l2d	SEQ_H1	1
7sj0	SEQ_H1	1
8swh	SEQ_H1	1
8dm3	SEQ_H1	1
7cws	SEQ_H1	1
7lcn	SEQ_H1	1
5udc	SEQ_H1	1
7rxp	SEQ_H1	1
7mzl	SEQ_H1	1
7kdd	SEQ_H1	1
4ot1	SEQ_H1	1
7ezv	SEQ_H1	1
7ui1	SEQ_H1	1
7wrj	SEQ_H1	1
8us0	SEQ_H1	1
4jhw	SEQ_H1	1
9fgs	SEQ_H1	1
6u0n	SEQ_H1	1
7neg	SEQ_H1	1
7ps1	SEQ_H1	1
8y4a	SEQ_H1	1
7or9	SEQ_H1	1
6ofi	SEQ_H1	1
6bgt	SEQ_H1	1
8pwh	SEQ_H1	1
7woa	SEQ_H1	1
8i3u	SEQ_H1	1
4zff	SEQ_H1	1
6kz0	SEQ_H1	1
2fjg	SEQ_H1	1
5anm	SEQ_H1	1
7ll1	SEQ_H1	1
8w0v	SEQ_H1	1
2fjh	SEQ_H1	1
7s5q	SEQ_H1	1
5ggr	SEQ_H1	1
6c6z	SEQ_H1	1
7ru8	SEQ_H1	1
7v5k	SEQ_H1	1
4fqj	SEQ_H1	1
7uvq	SEQ_H1	1
8f6e	SEQ_H1	1
6oe4	SEQ_H1	1
7q9j	SEQ_H1	1
8ez8	SEQ_H1	1
8bbo	SEQ_H1	1
8w0y	SEQ_H1	1
8qzr	SEQ_H1	1
8cin	SEQ_H1	1
7yvi	SEQ_H1	1
8cwj	SEQ_H1	1
8hrd	SEQ_H1	1
7lue	SEQ_H1	1
8vui	SEQ_H1	1
5vn8	SEQ_H1	1
7kde	SEQ_H1	1
7y6l	SEQ_H1	1
7luc	SEQ_H1	1
7ugq	SEQ_H1	1
6bft	SEQ_H1	1
5f9o	SEQ_H1	1
8v5l	SEQ_H1	1
9avo	SEQ_H1	1
5uek	SEQ_H1	1
7upl	SEQ_H1	1
6cdi	SEQ_H1	1
8bsf	SEQ_H1	1
6mfp	SEQ_H1	1
8g3m	SEQ_H1	1
9dwe	SEQ_H1	1
8g3q	SEQ_H1	1
6iuv	SEQ_H1	1
8oz3	SEQ_H1	1
6uyg	SEQ_H1	1
7r8n	SEQ_H1	1
5y9j	SEQ_H1	1
7coe	SEQ_H1	1
7zrc	SEQ_H1	1
8y3h	SEQ_H1	1
8thz	SEQ_H1	1
4mwf	SEQ_H1	1
9azt	SEQ_H1	1
8sxj	SEQ_H1	1
6meh	SEQ_H1	1
7tjq	SEQ_H1	1
8vpf	SEQ_H1	1
9bj3	SEQ_H1	1
8dnn	SEQ_H1	1
6wty	SEQ_H1	1
9bdf	SEQ_H1	1
7ljr	SEQ_H1	1
8tgv	SEQ_H1	1
6iw2	SEQ_H1	1
8tma	SEQ_H1	1
7kmg	SEQ_H1	1
2qad	SEQ_H1	1
7wtf	SEQ_H1	1
7uvs	SEQ_H1	1
7wh8	SEQ_H1	1
7ytn	SEQ_H1	1
7vyr	SEQ_H1	1
8dwa	SEQ_H1	1
7kml	SEQ_H1	1
7klg	SEQ_H1	1
6aru	SEQ_H1	1
7zfd	SEQ_H1	1
6q20	SEQ_H1	1
7ey0	SEQ_H1	1
7qny	SEQ_H1	1
7xic	SEQ_H1	1
7kqg	SEQ_H1	1
6q1z	SEQ_H1	1
7kqh	SEQ_H1	1
7ley	SEQ_H1	1
7ws1	SEQ_H1	1
7wjy	SEQ_H1	1
7e9o	SEQ_H1	1
8f0h	SEQ_H1	1
8bg1	SEQ_H1	1
7y3n	SEQ_H1	1
8wfh	SEQ_H1	1
8qrf	SEQ_H1	1
8yww	SEQ_H1	1
8ywx	SEQ_H1	1
8dxs	SEQ_H1	1
8z4e	SEQ_H1	1
8suo	SEQ_H1	1
8jmm	SEQ_H1	1
7qtj	SEQ_H1	1
7ur4	SEQ_H1	1
4jb9	SEQ_H1	1
8bbn	SEQ_H1	1
7xmz	SEQ_H1	1
8cwk	SEQ_H1	1
7uvo	SEQ_H1	1
8dyw	SEQ_H1	1
8suo	SEQ_H1	1
8ekd	SEQ_H1	1
6wo5	SEQ_H1	1
7fcp	SEQ_H1	1
4uv7	SEQ_H1	1
7mzm	SEQ_H1	1
4dvr	SEQ_H1	1
7bep	SEQ_H1	1
6xkp	SEQ_H1	1
7cdj	SEQ_H1	1
6pe8	SEQ_H1	1
6pe9	SEQ_H1	1
7wn2	SEQ_H1	1
8jel	SEQ_H1	1
8hlc	SEQ_H1	1
8gav	SEQ_H1	1
7x8w	SEQ_H1	1
7yxu	SEQ_H1	1
5tzu	SEQ_H1	1
5xhv	SEQ_H1	1
6o2b	SEQ_H1	1
8jmm	SEQ_H1	1
8sau	SEQ_H1	1
6mg7	SEQ_H1	1
7mzk	SEQ_H1	1
8siq	SEQ_H1	1
8cbe	SEQ_H1	1
6xq0	SEQ_H1	1
7swp	SEQ_H1	1
7u0x	SEQ_H1	1
8xsf	SEQ_H1	1
5xj4	SEQ_H1	1
7t4r	SEQ_H1	1
8sit	SEQ_H1	1
7u9e	SEQ_H1	1
6wtv	SEQ_H1	1
6wtu	SEQ_H1	1
7mzj	SEQ_H1	1
7uvh	SEQ_H1	1
9l1s	SEQ_H1	1
8hn7	SEQ_H1	1
4y5y	SEQ_H1	1
9dq3	SEQ_H1	1
8tqk	SEQ_H1	1
7deo	SEQ_H1	1
8hes	SEQ_H1	1
8hgl	SEQ_H1	1
7x90	SEQ_H1	1
7su0	SEQ_H1	1
7t7b	SEQ_H1	1
7k8s	SEQ_H1	1
7tat	SEQ_H1	1
7ls9	SEQ_H1	1
7kzb	SEQ_H1	1
8wyj	SEQ_H1	1
7y0w	SEQ_H1	1
4yjz	SEQ_H1	1
7rxi	SEQ_H1	1
7yh6	SEQ_H1	1
3u2s	SEQ_H1	1
7f3q	SEQ_H1	1
6xpx	SEQ_H1	1
8khc	SEQ_H1	1
7ey5	SEQ_H1	1
8keo	SEQ_H1	1
5x8l	SEQ_H1	1
8ez7	SEQ_H1	1
7ly9	SEQ_H1	1
8ghk	SEQ_H1	1
8dz4	SEQ_H1	1
7x8y	SEQ_H1	1
8r8k	SEQ_H1	1
7jx3	SEQ_H1	1
6vn1	SEQ_H1	1
7uar	SEQ_H1	1
8gy5	SEQ_H1	1
7x91	SEQ_H1	1
7eya	SEQ_H1	1
6phc	SEQ_H1	1
7prz	SEQ_H1	1
7e9b	SEQ_H1	1
6xq2	SEQ_H1	1
7lsf	SEQ_H1	1
7lxw	SEQ_H1	1
7ps2	SEQ_H1	1
6wir	SEQ_H1	1
7ykj	SEQ_H1	1
7uvi	SEQ_H1	1
8j1q	SEQ_H1	1
8dyy	SEQ_H1	1
7ukl	SEQ_H1	1
8xsj	SEQ_H1	1
9c44	SEQ_H1	1
8q5y	SEQ_H1	1
6v4o	SEQ_H1	1
9bdg	SEQ_H1	1
6e56	SEQ_H1	1
6xkq	SEQ_H1	1
7orb	SEQ_H1	1
6pzw	SEQ_H1	1
8kdr	SEQ_H1	1
6wn1	SEQ_H1	1
8gpy	SEQ_H1	1
5ug0	SEQ_H1	1
5w4l	SEQ_H1	1
5lbs	SEQ_H1	1
8d48	SEQ_H1	1
8bcz	SEQ_H1	1
8vus	SEQ_H1	1
8h07	SEQ_H1	1
7qez	SEQ_H1	1
7orb	SEQ_H1	1
7beo	SEQ_H1	1
8gsb	SEQ_H1	1
7ps5	SEQ_H1	1
7mf1	SEQ_H1	1
7y0c	SEQ_H1	1
7k9z	SEQ_H1	1
8cw9	SEQ_H1	1
8zr4	SEQ_H1	1
7xsb	SEQ_H1	1
7q9f	SEQ_H1	1
8sdh	SEQ_H1	1
8sis	SEQ_H1	1
8rh0	SEQ_H1	1
7wi0	SEQ_H1	1
6utk	SEQ_H1	1
8a96	SEQ_H1	1
7u9e	SEQ_H1	1
7rxj	SEQ_H1	1
7ukm	SEQ_H1	1
7e5s	SEQ_H1	1
7wch	SEQ_H1	1
7bu8	SEQ_H1	1
8kfa	SEQ_H1	2
7r7n	SEQ_H1	2
7sue	SEQ_H1	2
7ru4	SEQ_H1	2
8qrf	SEQ_H1	2
8cim	SEQ_H1	2
2dd8	SEQ_H1	2
5vag	SEQ_H1	2
4xak	SEQ_H1	2
7zr9	SEQ_H1	2
7tht	SEQ_H1	2
7dx4	SEQ_H1	2
7m6i	SEQ_H1	2
7dk0	SEQ_H1	2
7s6j	SEQ_H1	2
7cyv	SEQ_H1	2
7v3l	SEQ_H1	2
7x25	SEQ_H1	2
7wqv	SEQ_H1	2
7xj6	SEQ_H1	2
8pwv	SEQ_H1	2
8z4e	SEQ_H1	2
8zho	SEQ_H1	2
8yro	SEQ_H1	2
8dlr	SEQ_H1	2
8gye	SEQ_H1	2
6xy2	SEQ_H1	2
7l2f	SEQ_H1	2
7tcc	SEQ_H1	2
7cgw	SEQ_H1	2
7s07	SEQ_H1	2
8sdg	SEQ_H1	2
8jiz	SEQ_H1	2
3p0y	SEQ_H1	2
8pq2	SEQ_H1	2
5w42	SEQ_H1	2
4hfu	SEQ_H1	2
9dpc	SEQ_H1	2
8gto	SEQ_H1	2
8vye	SEQ_H1	2
8erq	SEQ_H1	2
8r1d	SEQ_H1	2
7laa	SEQ_H1	2
8gdr	SEQ_H1	2
7wee	SEQ_H1	2
8rgz	SEQ_H1	2
6urm	SEQ_H1	2
8tp2	SEQ_H1	2
7ycy	SEQ_H1	2
8r9y	SEQ_H1	2
7yvk	SEQ_H1	2
7mmo	SEQ_H1	2
7yve	SEQ_H1	2
7t01	SEQ_H1	2
4dag	SEQ_H1	2
7kn3	SEQ_H1	2
7lss	SEQ_H1	2
7cm4	SEQ_H1	2
7d0d	SEQ_H1	2
8hp9	SEQ_H1	2
7xsa	SEQ_H1	2
8gnh	SEQ_H1	2
5w4l	SEQ_H1	2
7xdl	SEQ_H1	2
7uc8	SEQ_H1	2
8xi6	SEQ_H1	2
8dy1	SEQ_H1	2
8dg9	SEQ_H1	2
6lxj	SEQ_H1	2
7ntc	SEQ_H1	2
9cci	SEQ_H1	2
6nmu	SEQ_H1	2
2ghw	SEQ_H1	2
8pwx	SEQ_H1	2
7vux	SEQ_H1	2
6woz	SEQ_H1	2
7s0x	SEQ_H1	2
7wwm	SEQ_H1	2
7cwn	SEQ_H1	2
7v2a	SEQ_H1	2
5vkd	SEQ_H1	2
5eii	SEQ_H1	2
5n0a	SEQ_H1	2
4kxz	SEQ_H1	2
5uea	SEQ_H1	2
7e39	SEQ_H1	2
8f2j	SEQ_H1	2
7zbu	SEQ_H1	2
7wr9	SEQ_H1	2
8k5g	SEQ_H1	2
7wsc	SEQ_H1	2
6xpz	SEQ_H1	2
7x08	SEQ_H1	2
7u9w	SEQ_H1	2
7u9p	SEQ_H1	2
7wwl	SEQ_H1	2
8dv6	SEQ_H1	2
6wm9	SEQ_H1	2
7ezv	SEQ_H1	2
7r6x	SEQ_H1	2
7lrt	SEQ_H1	2
7tcc	SEQ_H1	2
7s5r	SEQ_H1	2
7qtj	SEQ_H1	2
8dad	SEQ_H1	2
7x7o	SEQ_H1	2
7wp0	SEQ_H1	2
8s6m	SEQ_H1	2
9au2	SEQ_H1	2
7n62	SEQ_H1	2
7mem	SEQ_H1	2
8dg8	SEQ_H1	2
7ucq	SEQ_H1	2
7djz	SEQ_H1	2
7wi0	SEQ_H1	2
7e3k	SEQ_H1	2
7xj6	SEQ_H1	2
7rr0	SEQ_H1	2
8bg8	SEQ_H1	2
6wo4	SEQ_H1	2
7l7e	SEQ_H1	2
7x92	SEQ_H1	2
4ut6	SEQ_H1	2
7dzx	SEQ_H1	2
6oej	SEQ_H1	2
7e3o	SEQ_H1	2
7eng	SEQ_H1	2
6ii4	SEQ_H1	2
6b0s	SEQ_H1	2
7bpk	SEQ_H1	2
7n4l	SEQ_H1	2
7s0b	SEQ_H1	2
7s0d	SEQ_H1	2
7rxl	SEQ_H1	2
7cu5	SEQ_H1	2
7s0c	SEQ_H1	2
7kqb	SEQ_H1	2
7wi0	SEQ_H1	2
7ly3	SEQ_H1	2
5grj	SEQ_H1	2
7k8z	SEQ_H1	2
4y5v	SEQ_H1	2
6jjp	SEQ_H1	2
6o25	SEQ_H1	2
7q0i	SEQ_H1	2
4y5x	SEQ_H1	2
6u02	SEQ_H1	2
7jv4	SEQ_H1	2
7tb8	SEQ_H1	2
6ii8	SEQ_H1	2
7r40	SEQ_H1	2
7jva	SEQ_H1	2
7pnm	SEQ_H1	2
6kyz	SEQ_H1	2
6att	SEQ_H1	2
7dzy	SEQ_H1	2
5ggv	SEQ_H1	2
7si2	SEQ_H1	2
7dpm	SEQ_H1	2
7czu	SEQ_H1	2
7dk2	SEQ_H1	2
7ej4	SEQ_H1	2
7f3q	SEQ_H1	2
6nms	SEQ_H1	2
4qhu	SEQ_H1	2
2vxs	SEQ_H1	2
7cwn	SEQ_H1	2
7wog	SEQ_H1	2
7wo4	SEQ_H1	2
8dzh	SEQ_H1	2
7tjq	SEQ_H1	2
8as0	SEQ_H1	2
8dxt	SEQ_H1	2
7yck	SEQ_H1	2
7xcz	SEQ_H1	2
7wsl	SEQ_H1	2
7x95	SEQ_H1	2
8cwi	SEQ_H1	2
8dww	SEQ_H1	2
7vzt	SEQ_H1	2
8eoo	SEQ_H1	2
5xj3	SEQ_H1	2
8dz3	SEQ_H1	2
8e2u	SEQ_H1	2
8f0i	SEQ_H1	2
8eqf	SEQ_H1	2
8f2x	SEQ_H1	2
8r9y	SEQ_H1	2
8r9w	SEQ_H1	2
8rpb	SEQ_H1	2
8rp8	SEQ_H1	2
8xse	SEQ_H1	2
8xse	SEQ_H1	2
8zhe	SEQ_H1	2
8uzc	SEQ_H1	2
8ume	SEQ_H1	2
9aru	SEQ_H1	2
9l6c	SEQ_H1	2
9l6c	SEQ_H1	2
8cbd	SEQ_H1	2
7ua2	SEQ_H1	2
8h7l	SEQ_H1	2
7v23	SEQ_H1	2
8x0y	SEQ_H1	3
7y0v	SEQ_H1	3
8y4c	SEQ_H1	3
7ttx	SEQ_H1	3
8ezk	SEQ_H1	3
6pdx	SEQ_H1	3
7wph	SEQ_H1	3
6dfh	SEQ_H1	3
8vuj	SEQ_H1	3
5gzo	SEQ_H1	3
7q0h	SEQ_H1	3
6uig	SEQ_H1	3
7pry	SEQ_H1	3
7akd	SEQ_H1	3
3hi1	SEQ_H1	3
4xnm	SEQ_H1	3
7ps7	SEQ_H1	3
6pze	SEQ_H1	3
5xwd	SEQ_H1	3
7rbu	SEQ_H1	3
8dcc	SEQ_H1	3
7bel	SEQ_H1	3
7n3d	SEQ_H1	3
7m3i	SEQ_H1	3
7msq	SEQ_H1	3
4yk4	SEQ_H1	3
7czp	SEQ_H1	3
7czx	SEQ_H1	3
7sts	SEQ_H1	3
8jio	SEQ_H1	3
7str	SEQ_H1	3
7qnw	SEQ_H1	3
8e6j	SEQ_H1	3
7ps0	SEQ_H1	3
6phb	SEQ_H1	3
8u1q	SEQ_H1	3
7czw	SEQ_H1	3
8ved	SEQ_H1	3
7kn4	SEQ_H1	3
8cbd	SEQ_H1	3
7n5h	SEQ_H1	3
4m5z	SEQ_H1	3
8toa	SEQ_H1	3
6e4x	SEQ_H1	3
7e23	SEQ_H1	3
7e5o	SEQ_H1	3
6ii9	SEQ_H1	3
7m7b	SEQ_H1	3
7po5	SEQ_H1	3
7pnq	SEQ_H1	3
8w0x	SEQ_H1	3
7ycn	SEQ_H1	3
8veb	SEQ_H1	3
8zho	SEQ_H1	3
6wqo	SEQ_H1	3
5kjr	SEQ_H1	3
8vef	SEQ_H1	3
5w1k	SEQ_H1	3
7qf1	SEQ_H1	3
7shz	SEQ_H1	3
6pzy	SEQ_H1	3
7shy	SEQ_H1	3
7si0	SEQ_H1	3
8tp6	SEQ_H1	3
8eoo	SEQ_H1	3
6iut	SEQ_H1	3
7tri	SEQ_H1	3
8tnl	SEQ_H1	3
8eay	SEQ_H1	3
8v5s	SEQ_H1	3
8tp7	SEQ_H1	3
8pww	SEQ_H1	3
8yx1	SEQ_H1	3
7s1b	SEQ_H1	3
6wo5	SEQ_H1	3
7yds	SEQ_H1	3
6xpy	SEQ_H1	3
8tp9	SEQ_H1	3
6v4n	SEQ_H1	3
7bq5	SEQ_H1	3
8pwu	SEQ_H1	3
8r1c	SEQ_H1	3
8u1s	SEQ_H1	3
5sx4	SEQ_H1	3
8dwx	SEQ_H1	3
8v5q	SEQ_H1	3
3b2u	SEQ_H1	3
7mzf	SEQ_H1	3
7e88	SEQ_H1	3
7wcp	SEQ_H1	3
7chc	SEQ_H1	3
8c0y	SEQ_H1	3
7ey0	SEQ_H1	3
8wpw	SEQ_H1	3
8e1g	SEQ_H1	3
7s4s	SEQ_H1	3
7wnb	SEQ_H1	3
8bg2	SEQ_H1	3
8yww	SEQ_H1	3
9bj2	SEQ_H1	3
8k18	SEQ_H1	3
8xbf	SEQ_H1	3
8bec	SEQ_H1	3
7bz5	SEQ_H1	3
7k8m	SEQ_H1	3
7cjf	SEQ_H1	3
7cho	SEQ_H1	3
7e86	SEQ_H1	3
8hws	SEQ_H1	3
7wt7	SEQ_H1	3
7ejz	SEQ_H1	3
6xe1	SEQ_H1	3
7np1	SEQ_H1	3
7r8l	SEQ_H1	3
7ul1	SEQ_H1	3
7uow	SEQ_H1	3
9l6c	SEQ_H1	3
7xs8	SEQ_H1	3
7yvg	SEQ_H1	3
8xsd	SEQ_H1	3
8qh0	SEQ_H1	3
8bg3	SEQ_H1	3
7e5y	SEQ_H1	3
8e6k	SEQ_H1	3
6oc3	SEQ_H1	3
7b3o	SEQ_H1	3
7mzn	SEQ_H1	3
7kmh	SEQ_H1	3
7sc1	SEQ_H1	3
7nx7	SEQ_H1	3
7yr1	SEQ_H1	3
8hc2	SEQ_H1	3
8j1t	SEQ_H1	3
8hn6	SEQ_H1	3
7vmu	SEQ_H1	3
7e7y	SEQ_H1	3
7bej	SEQ_H1	3
7nd5	SEQ_H1	3
7kmi	SEQ_H1	3
7czq	SEQ_H1	3
7d0c	SEQ_H1	3
7chs	SEQ_H1	3
7kfy	SEQ_H1	3
7z0x	SEQ_H1	3
7n3i	SEQ_H1	3
7m6f	SEQ_H1	3
7jmp	SEQ_H1	3
7czs	SEQ_H1	3
7kfw	SEQ_H1	3
7kfv	SEQ_H1	3
7pqy	SEQ_H1	3
6xcn	SEQ_H1	3
7jmo	SEQ_H1	3
7wos	SEQ_H1	3
7s5p	SEQ_H1	3
8bse	SEQ_H1	3
8gf2	SEQ_H1	3
7xsc	SEQ_H1	3
7m6d	SEQ_H1	3
8bcz	SEQ_H1	3
8yz5	SEQ_H1	3
8bg4	SEQ_H1	3
7qf0	SEQ_H1	3
7nd3	SEQ_H1	3
6xq4	SEQ_H1	3
7wbz	SEQ_H1	3
8xea	SEQ_H1	3
7t72	SEQ_H1	3
9fgr	SEQ_H1	3
9fgt	SEQ_H1	3
8dce	SEQ_H1	3
7kfx	SEQ_H1	3
