pdb	CDR	Length	Cluster_Label
4uu9	SEQ_H2	6	1
3ux9	SEQ_H2	6	1
7s0b	SEQ_H2	6	1
6wtu	SEQ_H2	6	1
7lcv	SEQ_H2	6	1
4y5x	SEQ_H2	6	1
3bn9	SEQ_H2	6	1
6uta	SEQ_H2	6	1
6wtv	SEQ_H2	6	1
6ktr	SEQ_H2	6	1
6ii8	SEQ_H2	6	1
7dpm	SEQ_H2	6	1
7mzk	SEQ_H2	6	1
2vxs	SEQ_H2	6	1
7wog	SEQ_H2	6	1
8as0	SEQ_H2	6	1
8dxt	SEQ_H2	6	1
8dy1	SEQ_H2	6	1
8k3c	SEQ_H2	6	1
8rpb	SEQ_H2	6	1
8rp8	SEQ_H2	6	1
8xse	SEQ_H2	6	1
8tft	SEQ_H2	6	1
8s6z	SEQ_H2	6	1
8v13	SEQ_H2	6	1
9aru	SEQ_H2	6	1
7tzh	SEQ_H2	6	1
7cj2	SEQ_H2	6	1
8jel	SEQ_H2	6	1
6n81	SEQ_H2	6	1
8gy5	SEQ_H2	6	1
8i3u	SEQ_H2	6	1
6u36	SEQ_H2	6	1
8vk1	SEQ_H2	6	1
8r9w	SEQ_H2	6	1
6jjp	SEQ_H2	6	1
6ye3	SEQ_H2	6	1
8znz	SEQ_H2	6	1
7wsl	SEQ_H2	6	1
7vux	SEQ_H2	6	1
5ob5	SEQ_H2	6	1
1h0d	SEQ_H2	6	1
6wgl	SEQ_H2	6	1
5occ	SEQ_H2	6	1
7r40	SEQ_H2	6	1
7e9b	SEQ_H2	6	1
9b2w	SEQ_H2	6	1
6vy5	SEQ_H2	6	1
7f3q	SEQ_H2	6	1
5cus	SEQ_H2	6	1
7dha	SEQ_H2	6	1
7s0d	SEQ_H2	6	1
7vyt	SEQ_H2	6	1
7rw2	SEQ_H2	6	1
7k9z	SEQ_H2	6	1
7df1	SEQ_H2	6	1
7k8w	SEQ_H2	6	1
6hhc	SEQ_H2	6	1
7k8x	SEQ_H2	6	1
8d48	SEQ_H2	6	1
3r1g	SEQ_H2	6	1
7t4r	SEQ_H2	6	1
5n7w	SEQ_H2	6	1
8db4	SEQ_H2	6	1
6nms	SEQ_H2	6	1
8cyh	SEQ_H2	6	1
4ogx	SEQ_H2	6	1
4wv1	SEQ_H2	6	1
6xpx	SEQ_H2	6	1
8sj6	SEQ_H2	6	1
8cxg	SEQ_H2	6	1
7e8c	SEQ_H2	6	1
8jmm	SEQ_H2	6	1
7chh	SEQ_H2	6	1
7y3n	SEQ_H2	6	1
4fqj	SEQ_H2	6	1
8wfh	SEQ_H2	6	1
6ute	SEQ_H2	6	1
6ww5	SEQ_H2	6	1
4zs6	SEQ_H2	6	1
8f6e	SEQ_H2	6	1
7zxk	SEQ_H2	6	1
7v23	SEQ_H2	6	1
3nh7	SEQ_H2	6	1
7pgb	SEQ_H2	6	1
6usf	SEQ_H2	6	1
6yye	SEQ_H2	6	1
7wn2	SEQ_H2	6	1
8pg0	SEQ_H2	6	1
8smm	SEQ_H2	6	1
9dng	SEQ_H2	6	1
9b3k	SEQ_H2	6	1
5mes	SEQ_H2	6	1
8ume	SEQ_H2	6	1
6att	SEQ_H2	6	1
7t3d	SEQ_H2	6	1
8bk2	SEQ_H2	6	1
8dww	SEQ_H2	6	1
8dzw	SEQ_H2	6	1
7u9e	SEQ_H2	6	1
6b0s	SEQ_H2	6	1
7rxl	SEQ_H2	6	1
7eya	SEQ_H2	6	1
8f6x	SEQ_H2	6	1
7tjq	SEQ_H2	6	1
7uvh	SEQ_H2	6	1
6e1k	SEQ_H2	6	1
6phc	SEQ_H2	6	1
6o9h	SEQ_H2	6	1
6xkp	SEQ_H2	6	1
7cdj	SEQ_H2	6	1
6wjl	SEQ_H2	6	1
8hlc	SEQ_H2	6	1
8gh4	SEQ_H2	6	1
8tqi	SEQ_H2	6	1
8oz3	SEQ_H2	6	1
7wur	SEQ_H2	6	1
5bk1	SEQ_H2	6	1
4g7v	SEQ_H2	6	1
5vkd	SEQ_H2	6	1
7mnl	SEQ_H2	6	1
4nnp	SEQ_H2	6	1
5bjz	SEQ_H2	6	1
7sk3	SEQ_H2	6	1
8slb	SEQ_H2	6	1
7vng	SEQ_H2	6	1
6o3b	SEQ_H2	6	1
5eii	SEQ_H2	6	1
3pgf	SEQ_H2	6	1
7niw	SEQ_H2	6	1
7tpg	SEQ_H2	6	1
5bk2	SEQ_H2	6	1
7mtb	SEQ_H2	6	1
8tv1	SEQ_H2	6	1
5uoe	SEQ_H2	6	1
6ukj	SEQ_H2	6	1
2fjh	SEQ_H2	6	1
6pi7	SEQ_H2	6	1
9avo	SEQ_H2	6	1
8uwz	SEQ_H2	6	1
6o3a	SEQ_H2	6	1
8vui	SEQ_H2	6	1
4dke	SEQ_H2	6	1
5eu7	SEQ_H2	6	1
5uek	SEQ_H2	6	1
4rrp	SEQ_H2	6	1
5c8j	SEQ_H2	6	1
7sk3	SEQ_H2	6	1
8the	SEQ_H2	6	1
8smk	SEQ_H2	6	1
8vc7	SEQ_H2	6	1
8tnj	SEQ_H2	6	1
4hwb	SEQ_H2	6	1
6mi2	SEQ_H2	6	1
2qqk	SEQ_H2	6	1
7zbu	SEQ_H2	6	1
4ers	SEQ_H2	6	1
7yh6	SEQ_H2	6	1
3whe	SEQ_H2	6	1
8rz0	SEQ_H2	6	1
6xkq	SEQ_H2	6	1
7mmn	SEQ_H2	6	1
7su0	SEQ_H2	6	1
5t33	SEQ_H2	6	1
5j13	SEQ_H2	6	1
7deo	SEQ_H2	6	1
7ur4	SEQ_H2	6	1
7ly3	SEQ_H2	6	1
6o25	SEQ_H2	6	1
7q0i	SEQ_H2	6	1
7lxw	SEQ_H2	6	1
6vca	SEQ_H2	6	1
5ggv	SEQ_H2	6	1
4xx1	SEQ_H2	6	1
8eoo	SEQ_H2	6	1
8f0i	SEQ_H2	6	1
7ukm	SEQ_H2	6	1
8xsf	SEQ_H2	6	1
8f2j	SEQ_H2	6	1
7l2f	SEQ_H2	6	1
5ggr	SEQ_H2	6	1
7x92	SEQ_H2	6	1
7uxl	SEQ_H2	6	1
8awm	SEQ_H2	6	1
8dyy	SEQ_H2	6	1
8r9y	SEQ_H2	6	1
5f9w	SEQ_H2	6	1
5wi9	SEQ_H2	6	1
7ahv	SEQ_H2	6	1
8dz3	SEQ_H2	6	1
8dyw	SEQ_H2	6	1
8dz4	SEQ_H2	6	1
9l6c	SEQ_H2	6	1
7e39	SEQ_H2	6	1
7xmz	SEQ_H2	6	1
7rew	SEQ_H2	6	1
8udz	SEQ_H2	6	1
4qhu	SEQ_H2	6	1
8vpf	SEQ_H2	6	1
7m30	SEQ_H2	6	1
4uv7	SEQ_H2	6	1
8fdo	SEQ_H2	6	1
3mxw	SEQ_H2	6	1
7seg	SEQ_H2	6	1
8cwj	SEQ_H2	6	1
7kzb	SEQ_H2	6	1
7ps2	SEQ_H2	6	1
5vig	SEQ_H2	6	1
7kde	SEQ_H2	6	1
5a3i	SEQ_H2	6	1
4p59	SEQ_H2	6	1
8qzr	SEQ_H2	6	1
5nh3	SEQ_H2	6	1
8keo	SEQ_H2	6	1
4hcr	SEQ_H2	6	1
8qpr	SEQ_H2	6	1
8dlw	SEQ_H2	6	1
8fsj	SEQ_H2	6	1
2fed	SEQ_H2	6	1
8kfa	SEQ_H2	6	1
7l5b	SEQ_H2	6	1
8si1	SEQ_H2	6	1
5ugy	SEQ_H2	6	1
6okm	SEQ_H2	6	1
6ofi	SEQ_H2	6	1
8ghp	SEQ_H2	6	1
6cdi	SEQ_H2	6	1
7x95	SEQ_H2	6	1
7ua8	SEQ_H2	6	1
2ghw	SEQ_H2	6	1
7eng	SEQ_H2	6	1
6ii4	SEQ_H2	6	1
7bpk	SEQ_H2	6	1
7n4l	SEQ_H2	6	1
7kqb	SEQ_H2	6	1
5yoy	SEQ_H2	6	1
7tb8	SEQ_H2	6	1
7tcc	SEQ_H2	6	1
6kyz	SEQ_H2	6	1
7k8s	SEQ_H2	6	1
7czu	SEQ_H2	6	1
6pzw	SEQ_H2	6	1
7cwn	SEQ_H2	6	1
7x90	SEQ_H2	6	1
7yck	SEQ_H2	6	1
8bcz	SEQ_H2	6	1
8h07	SEQ_H2	6	1
8j1q	SEQ_H2	6	1
8h7l	SEQ_H2	6	1
8cbe	SEQ_H2	6	1
8cbd	SEQ_H2	6	1
8f2x	SEQ_H2	6	1
8jqn	SEQ_H2	6	1
8wsu	SEQ_H2	6	1
1hez	SEQ_H2	6	1
1dee	SEQ_H2	6	1
6was	SEQ_H2	6	1
7t4r	SEQ_H2	6	1
3g6d	SEQ_H2	6	1
8tbq	SEQ_H2	6	1
6plk	SEQ_H2	6	1
9dh2	SEQ_H2	6	1
4qci	SEQ_H2	6	1
7d85	SEQ_H2	6	1
8q5y	SEQ_H2	6	1
7zoz	SEQ_H2	6	1
5yy5	SEQ_H2	6	1
7lsf	SEQ_H2	6	1
4np4	SEQ_H2	6	1
7prz	SEQ_H2	6	1
6xpz	SEQ_H2	6	1
7u9p	SEQ_H2	6	1
7unb	SEQ_H2	6	1
5vic	SEQ_H2	6	1
6wm9	SEQ_H2	6	1
7u0x	SEQ_H2	6	1
8ykt	SEQ_H2	6	1
8xse	SEQ_H2	6	1
7wwm	SEQ_H2	6	1
2ybr	SEQ_H2	6	1
8suo	SEQ_H2	6	1
8xi6	SEQ_H2	6	1
7n62	SEQ_H2	6	1
7ukl	SEQ_H2	6	1
7xcz	SEQ_H2	6	1
7wp0	SEQ_H2	6	1
8uzc	SEQ_H2	6	1
8d7e	SEQ_H2	6	1
3eob	SEQ_H2	6	1
7e72	SEQ_H2	6	1
8xsj	SEQ_H2	6	1
8cwk	SEQ_H2	6	1
8dg8	SEQ_H2	6	1
4ydk	SEQ_H2	6	1
8w0v	SEQ_H2	6	1
6wzk	SEQ_H2	6	1
8tea	SEQ_H2	6	1
4g80	SEQ_H2	6	1
8tnj	SEQ_H2	6	1
6ymq	SEQ_H2	6	1
5x8l	SEQ_H2	6	1
6xkr	SEQ_H2	6	1
8gpy	SEQ_H2	6	1
7e5s	SEQ_H2	6	1
6o39	SEQ_H2	6	1
8dg9	SEQ_H2	6	1
7si2	SEQ_H2	6	1
5veb	SEQ_H2	6	1
7wi0	SEQ_H2	6	1
7s5q	SEQ_H2	6	1
8dxs	SEQ_H2	6	1
3kr3	SEQ_H2	6	1
7ket	SEQ_H2	6	1
7mzm	SEQ_H2	6	1
6txz	SEQ_H2	6	1
8r1d	SEQ_H2	6	1
7yxu	SEQ_H2	6	1
6m58	SEQ_H2	6	1
4dtg	SEQ_H2	6	1
8sit	SEQ_H2	6	1
6pe9	SEQ_H2	6	1
8tbb	SEQ_H2	6	1
6e56	SEQ_H2	6	1
8e7m	SEQ_H2	6	1
6pe8	SEQ_H2	6	1
8gav	SEQ_H2	6	1
3u30	SEQ_H2	6	1
8ahn	SEQ_H2	6	1
7fcp	SEQ_H2	6	1
6xq2	SEQ_H2	6	1
7bep	SEQ_H2	6	1
7rxi	SEQ_H2	6	1
7uvq	SEQ_H2	6	1
7s0x	SEQ_H2	6	1
6woz	SEQ_H2	6	1
9b8j	SEQ_H2	6	1
6dc3	SEQ_H2	6	1
8jiz	SEQ_H2	6	1
2r56	SEQ_H2	6	1
7ej4	SEQ_H2	6	1
6n8d	SEQ_H2	6	1
7u9w	SEQ_H2	6	1
2vh5	SEQ_H2	6	1
6oej	SEQ_H2	6	1
7uvi	SEQ_H2	6	1
7dm2	SEQ_H2	6	1
7ua2	SEQ_H2	6	1
7lf8	SEQ_H2	6	1
8i5l	SEQ_H2	6	1
7s7i	SEQ_H2	6	1
7tat	SEQ_H2	6	1
1adq	SEQ_H2	6	1
8f0h	SEQ_H2	6	1
7wjy	SEQ_H2	6	1
7ey0	SEQ_H2	6	1
7qny	SEQ_H2	6	1
7uvo	SEQ_H2	6	1
8ix3	SEQ_H2	6	1
7e9o	SEQ_H2	6	1
3wd5	SEQ_H2	6	1
5tpn	SEQ_H2	6	1
7zfd	SEQ_H2	6	1
8bbn	SEQ_H2	6	1
6rlo	SEQ_H2	6	1
8oxv	SEQ_H2	6	1
6m3b	SEQ_H2	6	1
8iow	SEQ_H2	6	1
7f3q	SEQ_H2	6	1
8cxi	SEQ_H2	6	1
8eji	SEQ_H2	6	1
8pwx	SEQ_H2	6	1
8bg1	SEQ_H2	6	1
8qrf	SEQ_H2	6	1
8ol9	SEQ_H2	6	1
4ut6	SEQ_H2	6	1
7mxl	SEQ_H2	6	1
7ws1	SEQ_H2	6	1
7rxj	SEQ_H2	6	1
7ntc	SEQ_H2	6	1
6bkd	SEQ_H2	6	2
7v3l	SEQ_H2	6	2
7q9f	SEQ_H2	6	2
4khx	SEQ_H2	6	2
7kej	SEQ_H2	6	2
7jr7	SEQ_H2	6	2
5w42	SEQ_H2	6	2
8uzp	SEQ_H2	6	2
8qrf	SEQ_H2	6	2
4hfu	SEQ_H2	6	2
8g3m	SEQ_H2	6	2
7uvs	SEQ_H2	6	2
8urf	SEQ_H2	6	2
5d1q	SEQ_H2	6	2
6wo4	SEQ_H2	6	2
7k9z	SEQ_H2	6	2
5y9j	SEQ_H2	6	2
6uyg	SEQ_H2	6	2
6cyf	SEQ_H2	6	2
6wo5	SEQ_H2	6	2
7r7n	SEQ_H2	6	2
4hj0	SEQ_H2	6	2
8thz	SEQ_H2	6	2
8r9y	SEQ_H2	6	2
6uqr	SEQ_H2	6	2
8vqf	SEQ_H2	6	2
7wh8	SEQ_H2	6	2
6vn1	SEQ_H2	6	2
4mwf	SEQ_H2	6	2
6h2y	SEQ_H2	6	2
5xmh	SEQ_H2	6	2
7y0w	SEQ_H2	6	2
9dpc	SEQ_H2	6	2
8wyj	SEQ_H2	6	2
4idj	SEQ_H2	6	2
4jhw	SEQ_H2	6	2
5udc	SEQ_H2	6	2
7sd3	SEQ_H2	6	2
6wty	SEQ_H2	6	2
6mto	SEQ_H2	6	2
6mtq	SEQ_H2	6	2
5czx	SEQ_H2	6	2
6cde	SEQ_H2	6	2
6lxj	SEQ_H2	6	2
6vy4	SEQ_H2	6	2
8xs3	SEQ_H2	6	2
6utk	SEQ_H2	6	2
6r0x	SEQ_H2	6	2
8dw9	SEQ_H2	6	2
6kz0	SEQ_H2	6	2
9bj2	SEQ_H2	6	2
8tzy	SEQ_H2	6	2
8tgv	SEQ_H2	6	2
7u9e	SEQ_H2	6	2
9gox	SEQ_H2	6	2
4kv5	SEQ_H2	6	2
8pwv	SEQ_H2	6	2
7s6j	SEQ_H2	6	2
7ru4	SEQ_H2	6	2
7woa	SEQ_H2	6	2
5gmq	SEQ_H2	6	2
7kmg	SEQ_H2	6	2
6cmg	SEQ_H2	6	2
7qf1	SEQ_H2	6	2
7cyv	SEQ_H2	6	2
7sue	SEQ_H2	6	2
8dlr	SEQ_H2	6	2
7x25	SEQ_H2	6	2
7xj6	SEQ_H2	6	2
9bj3	SEQ_H2	6	2
8zho	SEQ_H2	6	2
8g30	SEQ_H2	6	2
7dx4	SEQ_H2	6	2
7ljr	SEQ_H2	6	2
7uar	SEQ_H2	6	2
7f9w	SEQ_H2	6	2
8gto	SEQ_H2	6	2
7djz	SEQ_H2	6	2
7wi0	SEQ_H2	6	2
7ru8	SEQ_H2	6	2
8cim	SEQ_H2	6	2
8g3q	SEQ_H2	6	2
2xtj	SEQ_H2	6	2
2dd8	SEQ_H2	6	2
7wqv	SEQ_H2	6	2
6wo5	SEQ_H2	6	2
6c6z	SEQ_H2	6	2
7mf1	SEQ_H2	6	2
5vag	SEQ_H2	6	2
6yio	SEQ_H2	6	2
4xak	SEQ_H2	6	2
3ma9	SEQ_H2	6	2
5cba	SEQ_H2	6	2
2cmr	SEQ_H2	6	2
5cbe	SEQ_H2	6	2
3nps	SEQ_H2	6	2
6o41	SEQ_H2	6	2
4m8q	SEQ_H2	6	2
7kfh	SEQ_H2	6	2
4dn4	SEQ_H2	6	2
7wtf	SEQ_H2	6	2
7v5k	SEQ_H2	6	2
8dnn	SEQ_H2	6	2
8sxp	SEQ_H2	6	2
8z4e	SEQ_H2	6	2
8q5d	SEQ_H2	6	2
4hg4	SEQ_H2	6	2
5kw9	SEQ_H2	6	2
7jie	SEQ_H2	6	2
5jz7	SEQ_H2	6	2
7zr9	SEQ_H2	6	2
7y0c	SEQ_H2	6	2
4yjz	SEQ_H2	6	2
5d1x	SEQ_H2	6	2
8a95	SEQ_H2	6	2
7tht	SEQ_H2	6	2
5w4l	SEQ_H2	6	2
2xra	SEQ_H2	6	2
7zrc	SEQ_H2	6	2
2qad	SEQ_H2	6	2
8dwa	SEQ_H2	6	2
3w9e	SEQ_H2	6	2
5ggt	SEQ_H2	6	2
6p9h	SEQ_H2	6	2
7m6i	SEQ_H2	6	2
7dk0	SEQ_H2	6	2
6u0n	SEQ_H2	6	2
8byu	SEQ_H2	6	2
6v4o	SEQ_H2	6	2
7coe	SEQ_H2	6	2
8y3h	SEQ_H2	6	2
8tui	SEQ_H2	6	2
3ulu	SEQ_H2	6	3
7tl0	SEQ_H2	6	3
7ycl	SEQ_H2	6	3
7z2m	SEQ_H2	6	3
7z4t	SEQ_H2	6	3
6iuv	SEQ_H2	6	3
8zby	SEQ_H2	6	3
5wk3	SEQ_H2	6	3
7n3c	SEQ_H2	6	3
3hmx	SEQ_H2	6	3
7fcp	SEQ_H2	6	3
7ezv	SEQ_H2	6	3
8hrd	SEQ_H2	6	3
7xdl	SEQ_H2	6	3
7t9n	SEQ_H2	6	3
3x3f	SEQ_H2	6	3
8yro	SEQ_H2	6	3
7y6l	SEQ_H2	6	3
5ibl	SEQ_H2	6	3
5o14	SEQ_H2	6	3
7n4i	SEQ_H2	6	3
7jwg	SEQ_H2	6	3
7bnv	SEQ_H2	6	3
7v2a	SEQ_H2	6	3
7k8v	SEQ_H2	6	3
5tz2	SEQ_H2	6	3
7m6e	SEQ_H2	6	3
5mvz	SEQ_H2	6	3
7upl	SEQ_H2	6	3
7xw7	SEQ_H2	6	3
8dzh	SEQ_H2	6	3
8bsf	SEQ_H2	6	3
8u1c	SEQ_H2	6	3
8wsn	SEQ_H2	6	3
8sdh	SEQ_H2	6	3
8tvj	SEQ_H2	6	3
8tv3	SEQ_H2	6	3
8vus	SEQ_H2	6	3
8z6r	SEQ_H2	6	3
8z6u	SEQ_H2	6	3
8gf2	SEQ_H2	6	3
6fy1	SEQ_H2	6	3
5bo1	SEQ_H2	6	3
7ps4	SEQ_H2	6	3
6wmw	SEQ_H2	6	3
7lfa	SEQ_H2	6	3
8fgx	SEQ_H2	6	3
5l0q	SEQ_H2	6	3
9bjg	SEQ_H2	6	3
7rxp	SEQ_H2	6	3
8w0w	SEQ_H2	6	3
7ykj	SEQ_H2	6	3
6dkj	SEQ_H2	6	3
8dv6	SEQ_H2	6	3
5y11	SEQ_H2	6	3
8tvd	SEQ_H2	6	3
6al5	SEQ_H2	6	3
4dkf	SEQ_H2	6	3
9cci	SEQ_H2	6	3
7pc2	SEQ_H2	6	3
9au2	SEQ_H2	6	3
8a44	SEQ_H2	6	3
8cwi	SEQ_H2	6	3
6wno	SEQ_H2	6	3
7pnm	SEQ_H2	6	3
4g6j	SEQ_H2	6	3
7t7b	SEQ_H2	6	3
6bf4	SEQ_H2	6	3
7sjn	SEQ_H2	6	3
5f72	SEQ_H2	6	3
8tco	SEQ_H2	6	3
7lcn	SEQ_H2	6	3
6b9j	SEQ_H2	6	3
7e7x	SEQ_H2	6	3
1iqd	SEQ_H2	6	3
6oao	SEQ_H2	6	3
7lab	SEQ_H2	6	3
5lsp	SEQ_H2	6	3
7cws	SEQ_H2	6	3
7sj0	SEQ_H2	6	3
8b7h	SEQ_H2	6	3
8dm3	SEQ_H2	6	3
3jwo	SEQ_H2	6	3
6aod	SEQ_H2	6	3
8ivw	SEQ_H2	6	3
8swh	SEQ_H2	6	3
7l2d	SEQ_H2	6	3
8us0	SEQ_H2	6	3
7l2c	SEQ_H2	6	3
7wo4	SEQ_H2	6	3
7dzy	SEQ_H2	6	3
6x4t	SEQ_H2	6	3
6wir	SEQ_H2	6	3
7dzx	SEQ_H2	6	3
7fjo	SEQ_H2	6	3
5e8e	SEQ_H2	6	3
1jps	SEQ_H2	6	3
5anm	SEQ_H2	6	3
8hes	SEQ_H2	6	3
4y5v	SEQ_H2	6	3
4y5y	SEQ_H2	6	3
3u4e	SEQ_H2	6	3
8u5l	SEQ_H2	6	3
7xsb	SEQ_H2	6	3
8rz1	SEQ_H2	6	3
7laa	SEQ_H2	6	3
5usl	SEQ_H2	6	3
7dk2	SEQ_H2	6	3
6u02	SEQ_H2	6	3
7jv4	SEQ_H2	6	3
7jva	SEQ_H2	6	3
7wwl	SEQ_H2	6	3
7vzt	SEQ_H2	6	3
8zhe	SEQ_H2	6	3
5xj4	SEQ_H2	6	3
7m42	SEQ_H2	6	3
5o4o	SEQ_H2	6	3
7phu	SEQ_H2	6	3
5if0	SEQ_H2	6	3
7lop	SEQ_H2	6	3
6xey	SEQ_H2	6	3
5fec	SEQ_H2	6	3
6b08	SEQ_H2	6	3
7mzh	SEQ_H2	6	3
5ggs	SEQ_H2	6	3
6yxd	SEQ_H2	6	3
7l56	SEQ_H2	6	3
6xlq	SEQ_H2	6	3
7nd7	SEQ_H2	6	3
6myy	SEQ_H2	6	3
8f5n	SEQ_H2	6	3
8e1p	SEQ_H2	6	3
8qq0	SEQ_H2	6	3
8pwh	SEQ_H2	6	3
8qkr	SEQ_H2	6	3
9clp	SEQ_H2	6	3
8vym	SEQ_H2	6	3
9l1s	SEQ_H2	6	3
9auh	SEQ_H2	6	3
8u1p	SEQ_H2	6	3
9azr	SEQ_H2	6	3
9bdg	SEQ_H2	6	3
7qti	SEQ_H2	6	3
8wyj	SEQ_H2	6	3
8u4q	SEQ_H2	6	3
7ubs	SEQ_H2	6	3
4ypg	SEQ_H2	6	3
5xj3	SEQ_H2	6	3
7swp	SEQ_H2	6	3
7wi0	SEQ_H2	6	3
8zr4	SEQ_H2	6	3
8t9z	SEQ_H2	6	3
6u6u	SEQ_H2	6	3
6o9i	SEQ_H2	6	3
6um7	SEQ_H2	6	3
9aug	SEQ_H2	6	3
9jbq	SEQ_H2	6	3
7mxl	SEQ_H2	6	3
6xzw	SEQ_H2	6	3
3ulu	SEQ_H2	6	3
5w4l	SEQ_H2	6	3
7rdw	SEQ_H2	6	3
8v5l	SEQ_H2	6	3
1i9r	SEQ_H2	6	3
7m6h	SEQ_H2	6	3
7czy	SEQ_H2	6	3
8rh0	SEQ_H2	6	3
7u9o	SEQ_H2	6	3
8hn7	SEQ_H2	6	3
9azt	SEQ_H2	6	3
8znz	SEQ_H2	6	3
8gpx	SEQ_H2	6	3
5vl7	SEQ_H2	6	3
8sm1	SEQ_H2	6	3
7x8w	SEQ_H2	6	3
6b0e	SEQ_H2	6	3
6wh9	SEQ_H2	6	3
6b0g	SEQ_H2	6	3
7or9	SEQ_H2	6	3
3wlw	SEQ_H2	6	3
7m6g	SEQ_H2	6	3
6pzz	SEQ_H2	6	3
5k9o	SEQ_H2	6	3
7lex	SEQ_H2	6	3
7luc	SEQ_H2	6	3
7lue	SEQ_H2	6	3
7yix	SEQ_H2	6	3
7wn8	SEQ_H2	6	3
2xqb	SEQ_H2	6	3
6wvz	SEQ_H2	6	3
8hld	SEQ_H2	6	3
7yvi	SEQ_H2	6	3
8s6m	SEQ_H2	6	3
8tr3	SEQ_H2	6	3
8blq	SEQ_H2	6	3
8cwj	SEQ_H2	6	3
7z12	SEQ_H2	6	3
7xjf	SEQ_H2	6	3
6t3j	SEQ_H2	6	3
7uvf	SEQ_H2	6	3
6t3j	SEQ_H2	6	3
6mvl	SEQ_H2	6	3
6svl	SEQ_H2	6	3
7eh5	SEQ_H2	6	3
6phf	SEQ_H2	6	3
7ubr	SEQ_H2	6	3
4irz	SEQ_H2	6	3
2h9g	SEQ_H2	6	3
1uj3	SEQ_H2	6	3
4z5r	SEQ_H2	6	3
7amr	SEQ_H2	6	3
7amq	SEQ_H2	6	3
7yk4	SEQ_H2	6	3
5iwl	SEQ_H2	6	3
8hlb	SEQ_H2	6	3
7t25	SEQ_H2	6	3
2r0k	SEQ_H2	6	3
7lf2	SEQ_H2	6	3
5tzt	SEQ_H2	6	3
4zso	SEQ_H2	6	3
7usl	SEQ_H2	6	3
8vgn	SEQ_H2	6	3
8ath	SEQ_H2	6	3
8szy	SEQ_H2	6	3
7cwn	SEQ_H2	6	3
7f15	SEQ_H2	6	3
9dq5	SEQ_H2	6	3
3d85	SEQ_H2	6	3
5vqm	SEQ_H2	6	3
4mxw	SEQ_H2	6	3
7ul0	SEQ_H2	6	3
7ps6	SEQ_H2	6	3
8eb2	SEQ_H2	6	3
5vn8	SEQ_H2	6	3
7sfw	SEQ_H2	6	3
7fjc	SEQ_H2	6	3
8y3i	SEQ_H2	6	3
8sis	SEQ_H2	6	3
5otj	SEQ_H2	6	3
5esv	SEQ_H2	6	3
8yww	SEQ_H2	6	3
8ywx	SEQ_H2	6	3
6q20	SEQ_H2	6	3
8z4e	SEQ_H2	6	3
6q1z	SEQ_H2	6	3
8eqf	SEQ_H2	6	3
8d7e	SEQ_H2	6	3
8k5g	SEQ_H2	6	3
7rr0	SEQ_H2	6	3
7r6x	SEQ_H2	6	3
7e3k	SEQ_H2	6	3
7lrt	SEQ_H2	6	3
7qez	SEQ_H2	6	3
6mg7	SEQ_H2	6	3
7beo	SEQ_H2	6	3
7tcc	SEQ_H2	6	3
7x7o	SEQ_H2	6	3
7orb	SEQ_H2	6	3
7qti	SEQ_H2	6	3
8dad	SEQ_H2	6	3
7x91	SEQ_H2	6	3
7s5r	SEQ_H2	6	3
7s5q	SEQ_H2	6	3
7xj6	SEQ_H2	6	3
8bg8	SEQ_H2	6	3
8gsb	SEQ_H2	6	3
8hgl	SEQ_H2	6	3
7ezv	SEQ_H2	6	3
7wch	SEQ_H2	6	3
6w16	SEQ_H2	6	3
7l7e	SEQ_H2	6	3
7ps5	SEQ_H2	6	3
7xic	SEQ_H2	6	3
7ley	SEQ_H2	6	3
7kqh	SEQ_H2	6	3
7s0c	SEQ_H2	6	3
6ppg	SEQ_H2	6	3
7kqg	SEQ_H2	6	3
3hi6	SEQ_H2	6	3
7ly9	SEQ_H2	6	3
6e63	SEQ_H2	6	3
5k9q	SEQ_H2	6	3
8sja	SEQ_H2	6	3
8ez7	SEQ_H2	6	3
7kdd	SEQ_H2	6	3
4ot1	SEQ_H2	6	3
7orb	SEQ_H2	6	3
4od2	SEQ_H2	6	3
6fax	SEQ_H2	6	3
8yx9	SEQ_H2	6	3
8el2	SEQ_H2	6	3
8pmz	SEQ_H2	6	3
7bu8	SEQ_H2	6	3
7mw6	SEQ_H2	6	3
6vmj	SEQ_H2	6	3
8u1p	SEQ_H2	6	3
6vgr	SEQ_H2	6	3
3skj	SEQ_H2	6	3
4oqt	SEQ_H2	6	3
4i2x	SEQ_H2	6	3
3sqo	SEQ_H2	6	3
6b0n	SEQ_H2	6	3
4xny	SEQ_H2	6	3
7ugq	SEQ_H2	6	3
4ydl	SEQ_H2	6	3
6mlm	SEQ_H2	6	3
7mzk	SEQ_H2	6	3
8jg5	SEQ_H2	6	3
8uky	SEQ_H2	6	3
7mem	SEQ_H2	6	3
7cu5	SEQ_H2	6	3
6xxv	SEQ_H2	6	3
6nmu	SEQ_H2	6	3
4v1d	SEQ_H2	6	3
5wux	SEQ_H2	6	3
7tjq	SEQ_H2	6	3
8ruu	SEQ_H2	6	3
7wb5	SEQ_H2	6	3
6wmw	SEQ_H2	6	3
6bft	SEQ_H2	6	3
6i07	SEQ_H2	6	3
8dwy	SEQ_H2	6	3
4d9r	SEQ_H2	6	3
3t2n	SEQ_H2	6	3
7wkx	SEQ_H2	6	3
7lfb	SEQ_H2	6	3
7byr	SEQ_H2	6	3
8csj	SEQ_H2	6	3
6rcv	SEQ_H2	6	3
8sj4	SEQ_H2	6	3
3wsq	SEQ_H2	6	3
7ll1	SEQ_H2	6	3
7te1	SEQ_H2	6	3
5w08	SEQ_H2	6	3
6mfp	SEQ_H2	6	3
8sb5	SEQ_H2	6	3
8sb2	SEQ_H2	6	3
8sas	SEQ_H2	6	3
8sau	SEQ_H2	6	3
6eyo	SEQ_H2	6	3
8sb0	SEQ_H2	6	3
8sb3	SEQ_H2	6	3
8say	SEQ_H2	6	3
8sb4	SEQ_H2	6	3
8vgv	SEQ_H2	6	3
8saz	SEQ_H2	6	3
8sb1	SEQ_H2	6	3
7st5	SEQ_H2	6	3
8vqd	SEQ_H2	6	3
2qqn	SEQ_H2	6	3
6wn1	SEQ_H2	6	3
7klg	SEQ_H2	6	3
7kml	SEQ_H2	6	3
3p0y	SEQ_H2	6	3
3grw	SEQ_H2	6	3
7mw3	SEQ_H2	6	3
3nfp	SEQ_H2	6	3
8pwh	SEQ_H2	6	3
6bgt	SEQ_H2	6	3
7chy	SEQ_H2	6	3
5xhv	SEQ_H2	6	3
2wub	SEQ_H2	6	3
8vgp	SEQ_H2	6	3
2fjg	SEQ_H2	6	3
5tzu	SEQ_H2	6	3
4al8	SEQ_H2	6	3
5grj	SEQ_H2	6	3
8ffe	SEQ_H2	6	3
5o4g	SEQ_H2	6	3
8dfi	SEQ_H2	6	3
4yfl	SEQ_H2	6	3
7ucq	SEQ_H2	6	3
7ui1	SEQ_H2	6	3
9c44	SEQ_H2	6	3
3idy	SEQ_H2	6	3
7wr9	SEQ_H2	6	3
5f9o	SEQ_H2	6	3
8cz8	SEQ_H2	6	3
7vyr	SEQ_H2	6	3
6umx	SEQ_H2	6	3
9dq3	SEQ_H2	6	3
7wsc	SEQ_H2	6	3
7yrn	SEQ_H2	6	3
6uye	SEQ_H2	6	3
5czv	SEQ_H2	6	3
4jb9	SEQ_H2	6	3
4ydi	SEQ_H2	6	3
5te6	SEQ_H2	6	3
7k8z	SEQ_H2	6	3
8y4a	SEQ_H2	6	3
8ts0	SEQ_H2	6	3
7chz	SEQ_H2	6	3
7mlh	SEQ_H2	6	3
7ytn	SEQ_H2	6	3
4j6r	SEQ_H2	6	3
5cd5	SEQ_H2	6	3
5t3z	SEQ_H2	6	3
8sxj	SEQ_H2	6	3
8il3	SEQ_H2	6	3
