seq0	seq260	hemagglutinin
seq0	seq408	spike glycoprotein
seq0	seq459	spike glycoprotein
seq0	seq464	spike glycoprotein
seq0	seq465	spike glycoprotein
seq0	seq471	spike glycoprotein
seq0	seq472	spike glycoprotein
seq0	seq501	spike glycoprotein
seq0	seq639	spike glycoprotein
seq0	seq641	spike glycoprotein
seq0	seq644	spike glycoprotein
seq0	seq646	spike glycoprotein
seq0	seq648	spike glycoprotein
seq0	seq650	spike glycoprotein
seq0	seq705	spike glycoprotein
seq0	seq784	spike protein s1
seq0	seq785	spike protein s1
seq0	seq902	spike protein s1
seq0	seq1192	spike glycoprotein
seq0	seq1933	spike glycoprotein
seq0	seq1934	spike glycoprotein
seq0	seq1935	spike glycoprotein
seq0	seq1936	spike glycoprotein
seq0	seq1937	spike glycoprotein
seq0	seq1938	spike glycoprotein
seq0	seq1939	spike glycoprotein
seq0	seq2071	spike glycoprotein
seq0	seq2532	spike glycoprotein
seq0	seq2533	spike glycoprotein
seq0	seq2534	spike glycoprotein
seq0	seq2656	spike glycoprotein
seq0	seq2657	spike glycoprotein
seq0	seq2658	spike glycoprotein
seq0	seq2870	spike glycoprotein
seq0	seq2872	spike glycoprotein
seq0	seq3002	spike glycoprotein
seq0	seq3003	spike glycoprotein
seq0	seq3004	spike glycoprotein
seq0	seq3269	spike glycoprotein
seq0	seq3270	spike glycoprotein
seq0	seq3271	spike glycoprotein
seq0	seq3999	surface glycoprotein
seq0	seq4002	surface glycoprotein
seq0	seq4741	spike protein s1
seq0	seq4742	spike protein s1
seq0	seq4943	spike protein s1
seq0	seq5289	spike glycoprotein
seq0	seq5386	spike protein s1
seq14	seq14	hemagglutinin
seq15	seq15	hemagglutinin
seq16	seq16	hemagglutinin
seq20	seq20	neuraminidase
seq25	seq25	spike protein s1
seq35	seq35	spike protein s1
seq35	seq36	spike glycoprotein
seq35	seq37	spike glycoprotein
seq35	seq38	spike glycoprotein
seq46	seq46	spike glycoprotein
seq52	seq52	spike glycoprotein
seq53	seq53	spike glycoprotein
seq53	seq54	spike glycoprotein
seq53	seq55	spike glycoprotein
seq107	seq107	neuraminidase
seq107	seq3827	neuraminidase
seq107	seq3828	neuraminidase
seq107	seq3829	neuraminidase
seq107	seq3830	neuraminidase
seq107	seq3921	neuraminidase
seq107	seq3922	neuraminidase
seq107	seq4863	neuraminidase
seq132	seq132	spike glycoprotein
seq132	seq133	spike glycoprotein
seq132	seq134	spike glycoprotein
seq132	seq235	spike protein s1
seq132	seq236	spike protein s1
seq132	seq237	spike protein s1
seq132	seq238	spike protein s1
seq132	seq239	spike protein s1
seq132	seq240	spike protein s1
seq146	seq146	hemagglutinin | hemagglutinin
seq163	seq163	neuraminidase
seq163	seq164	neuraminidase
seq163	seq165	neuraminidase
seq163	seq166	neuraminidase
seq192	seq191	hemagglutinin
seq192	seq192	hemagglutinin
seq192	seq193	hemagglutinin
seq192	seq1198	spike protein s1
seq192	seq1200	spike protein s1
seq192	seq1248	spike protein s1
seq192	seq1553	spike glycoprotein
seq192	seq1554	spike glycoprotein
seq192	seq1559	spike protein s1
seq192	seq1560	spike protein s1
seq192	seq1899	spike glycoprotein
seq192	seq2017	spike protein s1
seq192	seq2019	spike protein s1
seq192	seq2710	spike protein s1
seq192	seq2713	spike protein s1
seq192	seq2715	spike glycoprotein
seq192	seq2716	spike glycoprotein
seq192	seq2717	spike glycoprotein
seq192	seq2808	surface glycoprotein
seq192	seq3039	spike glycoprotein
seq192	seq3075	spike glycoprotein
seq192	seq3076	spike glycoprotein
seq192	seq3130	spike glycoprotein
seq192	seq3131	spike glycoprotein
seq192	seq3163	spike protein s1
seq192	seq3267	spike glycoprotein
seq192	seq3268	spike glycoprotein
seq192	seq3310	spike protein s1
seq192	seq3505	spike protein s1
seq192	seq3775	spike glycoprotein
seq192	seq3776	spike glycoprotein
seq192	seq3831	spike protein s1
seq192	seq4070	spike glycoprotein
seq192	seq4223	spike glycoprotein
seq192	seq4224	spike glycoprotein
seq192	seq4225	spike glycoprotein
seq192	seq4251	spike glycoprotein
seq192	seq4252	spike glycoprotein
seq192	seq4253	spike glycoprotein
seq192	seq4383	spike glycoprotein
seq192	seq4463	hemagglutinin
seq192	seq4464	hemagglutinin
seq192	seq4544	surface glycoprotein
seq192	seq4665	spike glycoprotein
seq192	seq4739	spike protein s1
seq192	seq4740	spike protein s1
seq192	seq4872	spike protein s1
seq192	seq5221	spike glycoprotein
seq192	seq5309	spike protein s1
seq192	seq5310	spike protein s1
seq192	seq5331	spike glycoprotein
seq208	seq3699	hemagglutinin
seq224	seq222	hemagglutinin
seq224	seq223	hemagglutinin
seq224	seq224	hemagglutinin
seq224	seq284	spike glycoprotein
seq224	seq286	spike glycoprotein
seq224	seq288	spike glycoprotein
seq224	seq404	spike glycoprotein
seq224	seq405	spike glycoprotein
seq224	seq875	spike protein s1
seq224	seq910	envelope glycoprotein gp160
seq224	seq911	envelope glycoprotein gp160
seq224	seq912	envelope glycoprotein gp160
seq224	seq1112	hemagglutinin
seq224	seq1139	spike glycoprotein
seq224	seq1140	spike glycoprotein
seq224	seq1197	spike protein s1
seq224	seq1199	spike protein s1
seq224	seq1211	envelope glycoprotein gp160
seq224	seq1212	envelope glycoprotein gp160
seq224	seq1213	envelope glycoprotein gp160
seq224	seq1386	spike glycoprotein
seq224	seq1387	spike glycoprotein
seq224	seq1388	spike glycoprotein
seq224	seq1389	spike glycoprotein
seq224	seq1398	spike glycoprotein
seq224	seq1399	spike glycoprotein
seq224	seq1400	spike glycoprotein
seq224	seq1402	spike glycoprotein
seq224	seq1403	spike glycoprotein
seq224	seq1407	spike glycoprotein
seq224	seq1408	spike glycoprotein
seq224	seq1503	neuraminidase
seq224	seq1504	neuraminidase
seq224	seq1505	neuraminidase
seq224	seq1506	neuraminidase
seq224	seq1507	neuraminidase
seq224	seq1508	neuraminidase
seq224	seq1509	neuraminidase
seq224	seq1510	neuraminidase
seq224	seq1511	neuraminidase
seq224	seq1512	neuraminidase
seq224	seq1513	neuraminidase
seq224	seq1514	neuraminidase
seq224	seq1515	neuraminidase
seq224	seq1516	neuraminidase
seq224	seq1517	neuraminidase
seq224	seq1518	neuraminidase
seq224	seq1519	neuraminidase
seq224	seq1520	neuraminidase
seq224	seq1521	neuraminidase
seq224	seq1522	neuraminidase
seq224	seq1523	neuraminidase
seq224	seq1524	neuraminidase
seq224	seq1525	neuraminidase
seq224	seq1526	neuraminidase
seq224	seq1527	neuraminidase
seq224	seq1528	neuraminidase
seq224	seq1529	neuraminidase
seq224	seq1530	neuraminidase
seq224	seq1531	neuraminidase
seq224	seq1532	neuraminidase
seq224	seq1533	neuraminidase
seq224	seq1534	neuraminidase
seq224	seq1535	neuraminidase
seq224	seq1777	spike glycoprotein
seq224	seq1778	spike glycoprotein
seq224	seq1978	surface glycoprotein
seq224	seq1979	surface glycoprotein
seq224	seq1980	surface glycoprotein
seq224	seq1981	surface glycoprotein
seq224	seq2420	envelope glycoprotein gp120
seq224	seq2449	envelope glycoprotein gp120
seq224	seq2507	spike glycoprotein
seq224	seq2509	spike glycoprotein
seq224	seq2510	spike glycoprotein
seq224	seq2524	envelope glycoprotein gp120
seq224	seq2525	envelope glycoprotein gp120
seq224	seq2526	envelope glycoprotein gp120
seq224	seq2574	envelope glycoprotein gp160
seq224	seq2575	envelope glycoprotein gp160
seq224	seq2576	envelope glycoprotein gp160
seq224	seq2672	spike glycoprotein
seq224	seq2673	spike glycoprotein
seq224	seq2674	spike glycoprotein
seq224	seq2807	surface glycoprotein
seq224	seq2964	envelope glycoprotein gp160
seq224	seq2965	envelope glycoprotein gp160
seq224	seq2966	envelope glycoprotein gp160
seq224	seq2990	spike glycoprotein
seq224	seq2991	spike glycoprotein
seq224	seq2992	spike glycoprotein
seq224	seq3060	envelope glycoprotein gp120
seq224	seq3065	spike protein s1
seq224	seq3162	spike protein s1
seq224	seq3196	spike glycoprotein
seq224	seq3198	spike glycoprotein
seq224	seq3200	spike glycoprotein
seq224	seq3380	hemagglutinin | hemagglutinin
seq224	seq3381	hemagglutinin | hemagglutinin
seq224	seq3382	hemagglutinin | hemagglutinin
seq224	seq3533	envelope glycoprotein gp120
seq224	seq3570	spike glycoprotein
seq224	seq3571	spike glycoprotein
seq224	seq3572	spike glycoprotein
seq224	seq3783	envelope glycoprotein gp160
seq224	seq3784	envelope glycoprotein gp160
seq224	seq3785	envelope glycoprotein gp160
seq224	seq3880	hemagglutinin
seq224	seq3974	spike glycoprotein
seq224	seq3975	spike glycoprotein
seq224	seq3976	spike glycoprotein
seq224	seq3996	spike glycoprotein
seq224	seq4162	spike protein s1
seq224	seq4163	spike protein s1
seq224	seq4173	envelope glycoprotein gp120
seq224	seq4205	surface glycoprotein
seq224	seq4206	surface glycoprotein
seq224	seq4207	surface glycoprotein
seq224	seq4274	spike glycoprotein
seq224	seq4278	spike glycoprotein
seq224	seq4279	spike glycoprotein
seq224	seq4367	envelope glycoprotein gp160
seq224	seq4368	envelope glycoprotein gp160
seq224	seq4369	envelope glycoprotein gp160
seq224	seq4386	spike glycoprotein
seq224	seq4498	spike glycoprotein
seq224	seq4499	spike glycoprotein
seq224	seq4500	spike glycoprotein
seq224	seq4657	spike glycoprotein
seq224	seq4658	spike glycoprotein
seq224	seq4661	spike glycoprotein
seq224	seq4686	envelope glycoprotein gp120
seq224	seq4728	envelope glycoprotein gp120
seq224	seq4832	envelope glycoprotein gp120
seq224	seq4906	envelope glycoprotein gp120
seq224	seq4942	spike protein s1
seq224	seq5036	spike glycoprotein
seq224	seq5039	spike glycoprotein
seq224	seq5041	spike glycoprotein
seq224	seq5100	envelope glycoprotein gp120
seq224	seq5167	envelope glycoprotein gp120
seq224	seq5251	spike glycoprotein
seq224	seq5254	envelope glycoprotein gp120
seq224	seq5263	hemagglutinin
seq224	seq5264	hemagglutinin
seq224	seq5384	spike glycoprotein
seq224	seq5385	spike glycoprotein
seq224	seq5390	envelope glycoprotein gp120
seq224	seq5406	spike glycoprotein
seq224	seq5435	envelope glycoprotein gp160
seq229	seq2313	fusion glycoprotein f0
seq229	seq2315	fusion glycoprotein f0
seq229	seq2316	fusion glycoprotein f0
seq229	seq2480	spike glycoprotein
seq229	seq2481	spike glycoprotein
seq229	seq2482	spike glycoprotein
seq229	seq2655	spike protein s1
seq229	seq3347	fusion glycoprotein f0
seq229	seq4209	spike protein s1
seq229	seq4210	spike protein s1
seq229	seq4443	surface glycoprotein
seq229	seq4444	surface glycoprotein
seq229	seq4850	envelope glycoprotein gp160
seq229	seq4851	envelope glycoprotein gp160
seq229	seq4852	envelope glycoprotein gp160
seq245	seq245	hemagglutinin
seq245	seq246	hemagglutinin
seq245	seq247	hemagglutinin
seq256	seq3504	spike protein s1
seq257	seq761	spike glycoprotein
seq257	seq762	spike glycoprotein
seq257	seq763	spike glycoprotein
seq290	seq290	hemagglutinin
seq290	seq291	hemagglutinin
seq290	seq292	hemagglutinin
seq293	seq293	hemagglutinin
seq293	seq294	hemagglutinin
seq293	seq295	hemagglutinin
seq332	seq332	spike protein s1
seq332	seq337	spike glycoprotein
seq332	seq345	spike glycoprotein
seq340	seq340	spike protein s1
seq341	seq341	spike protein s1
seq343	seq343	spike protein s1
seq344	seq344	spike protein s1
seq351	seq351	spike protein s1
seq352	seq352	spike protein s1
seq352	seq691	spike protein s1
seq352	seq692	spike protein s1
seq352	seq896	spike protein s1
seq352	seq900	spike protein s1
seq352	seq901	spike protein s1
seq352	seq2773	spike protein s1
seq352	seq2774	spike protein s1
seq352	seq2775	spike protein s1
seq352	seq2776	spike protein s1
seq352	seq5047	surface glycoprotein
seq357	seq1706	spike glycoprotein
seq372	seq372	spike protein s1
seq384	seq1046	fusion glycoprotein f0
seq384	seq1345	spike glycoprotein
seq384	seq1346	spike glycoprotein
seq384	seq1347	spike glycoprotein
seq384	seq3233	spike glycoprotein
seq384	seq3234	spike glycoprotein
seq384	seq3235	spike glycoprotein
seq384	seq4128	spike glycoprotein
seq384	seq4129	spike glycoprotein
seq384	seq4130	spike glycoprotein
seq384	seq5168	spike protein s1
seq416	seq416	spike glycoprotein
seq416	seq417	spike glycoprotein
seq416	seq418	spike glycoprotein
seq416	seq452	spike glycoprotein
seq416	seq454	spike glycoprotein
seq416	seq456	spike glycoprotein
seq416	seq851	spike protein s1
seq416	seq1891	spike protein s1
seq416	seq1892	spike protein s1
seq416	seq1893	spike protein s1
seq416	seq1894	spike protein s1
seq416	seq1895	spike protein s1
seq416	seq1896	spike protein s1
seq416	seq1897	spike protein s1
seq416	seq1898	spike protein s1
seq416	seq1911	spike glycoprotein
seq416	seq1914	spike glycoprotein
seq416	seq1916	spike glycoprotein
seq416	seq1918	spike glycoprotein
seq416	seq2247	spike protein s1
seq416	seq2248	spike glycoprotein
seq416	seq2249	spike glycoprotein
seq416	seq2250	spike glycoprotein
seq416	seq2375	spike protein s1
seq416	seq2376	spike protein s1
seq416	seq2386	spike protein s1
seq416	seq2387	spike protein s1
seq416	seq2609	spike glycoprotein
seq416	seq2610	spike glycoprotein
seq416	seq3287	spike protein s1
seq416	seq3288	spike protein s1
seq416	seq3548	spike glycoprotein
seq416	seq3837	spike glycoprotein
seq416	seq3838	spike glycoprotein
seq416	seq4229	spike protein s1
seq416	seq4307	spike protein s1
seq416	seq4429	spike protein s1
seq416	seq4497	spike protein s1
seq416	seq5368	spike protein s1
seq416	seq5455	spike protein s1
seq448	seq453	spike glycoprotein
seq448	seq455	spike glycoprotein
seq448	seq457	spike glycoprotein
seq448	seq1437	spike protein s1
seq448	seq1439	spike protein s1
seq448	seq1479	spike protein s1
seq448	seq1569	spike protein s1
seq448	seq1579	spike protein s1
seq448	seq1580	spike protein s1
seq448	seq1581	spike protein s1
seq448	seq1582	spike protein s1
seq448	seq1779	spike glycoprotein
seq448	seq1780	spike glycoprotein
seq448	seq1868	spike protein s1
seq448	seq1869	spike protein s1
seq448	seq1872	spike protein s1
seq448	seq1873	spike protein s1
seq448	seq1874	spike protein s1
seq448	seq1875	spike protein s1
seq448	seq1876	spike glycoprotein
seq448	seq1884	spike glycoprotein
seq448	seq1885	spike glycoprotein
seq448	seq1886	spike glycoprotein
seq448	seq2358	spike glycoprotein
seq448	seq2359	spike glycoprotein
seq448	seq2360	spike glycoprotein
seq448	seq2361	spike glycoprotein
seq448	seq2362	spike glycoprotein
seq448	seq2363	spike glycoprotein
seq448	seq2364	spike glycoprotein
seq448	seq2365	spike glycoprotein
seq448	seq2366	spike glycoprotein
seq448	seq2367	spike protein s1
seq448	seq2374	spike protein s1
seq448	seq3272	hemagglutinin
seq448	seq3273	hemagglutinin
seq448	seq3274	hemagglutinin
seq448	seq3969	spike glycoprotein
seq448	seq4015	spike protein s1
seq448	seq4019	spike glycoprotein
seq448	seq4124	spike glycoprotein
seq448	seq4764	spike glycoprotein
seq448	seq4765	spike glycoprotein
seq448	seq4766	spike glycoprotein
seq448	seq4915	spike protein s1
seq448	seq5178	spike protein s1
seq448	seq5458	spike protein s1
seq467	seq467	spike glycoprotein
seq467	seq468	spike glycoprotein
seq467	seq469	spike glycoprotein
seq467	seq470	spike glycoprotein
seq480	seq483	spike protein s1
seq480	seq484	spike protein s1
seq480	seq855	spike protein s1
seq480	seq856	spike protein s1
seq480	seq857	spike protein s1
seq480	seq858	spike protein s1
seq480	seq1381	spike protein s1
seq480	seq1600	spike glycoprotein
seq480	seq1692	spike glycoprotein
seq480	seq1888	spike glycoprotein
seq480	seq1948	spike protein s1
seq480	seq2335	spike glycoprotein
seq480	seq2378	spike glycoprotein
seq480	seq2379	spike glycoprotein
seq480	seq2380	spike glycoprotein
seq480	seq2381	spike glycoprotein
seq480	seq2382	spike glycoprotein
seq480	seq2383	spike glycoprotein
seq480	seq2384	spike protein s1
seq480	seq2385	spike protein s1
seq480	seq2628	spike glycoprotein
seq480	seq3960	spike protein s1
seq480	seq3961	spike protein s1
seq480	seq4045	spike glycoprotein
seq480	seq4046	spike glycoprotein
seq480	seq4047	spike glycoprotein
seq480	seq4420	spike protein s1
seq480	seq4421	spike protein s1
seq480	seq4502	surface glycoprotein
seq480	seq4568	spike protein s1
seq480	seq4569	spike protein s1
seq480	seq5394	spike glycoprotein
seq502	seq502	spike glycoprotein
seq502	seq503	spike glycoprotein
seq512	seq1012	spike protein s1
seq512	seq1013	spike protein s1
seq512	seq1014	spike protein s1
seq512	seq1015	spike protein s1
seq512	seq1377	spike protein s1
seq512	seq1378	spike protein s1
seq512	seq1379	spike protein s1
seq512	seq1380	spike protein s1
seq512	seq2304	spike glycoprotein
seq512	seq2305	spike glycoprotein
seq512	seq2306	spike glycoprotein
seq512	seq2307	spike glycoprotein
seq512	seq2805	spike glycoprotein
seq512	seq2806	spike glycoprotein
seq512	seq3714	spike protein s1
seq543	seq543	spike protein s1
seq544	seq544	spike protein s1
seq545	seq545	spike protein s1
seq547	seq542	spike protein s1
seq547	seq547	spike glycoprotein
seq547	seq548	spike glycoprotein
seq575	seq575	hemagglutinin | hemagglutinin
seq576	seq576	hemagglutinin | hemagglutinin
seq577	seq577	hemagglutinin | hemagglutinin
seq587	seq587	hemagglutinin
seq587	seq588	hemagglutinin
seq590	seq590	hemagglutinin | hemagglutinin
seq591	seq591	hemagglutinin | hemagglutinin
seq592	seq592	hemagglutinin | hemagglutinin
seq625	seq625	spike glycoprotein
seq634	seq634	spike glycoprotein
seq634	seq635	spike glycoprotein
seq634	seq636	spike glycoprotein
seq640	seq640	spike glycoprotein
seq640	seq642	spike glycoprotein
seq640	seq643	spike glycoprotein
seq640	seq645	spike glycoprotein
seq640	seq647	spike glycoprotein
seq640	seq649	spike glycoprotein
seq640	seq704	spike glycoprotein
seq640	seq847	spike protein s1
seq640	seq848	spike protein s1
seq640	seq1382	spike glycoprotein
seq640	seq1383	spike glycoprotein
seq640	seq1384	spike glycoprotein
seq640	seq1385	spike glycoprotein
seq640	seq1404	spike glycoprotein
seq640	seq1405	spike glycoprotein
seq640	seq2029	spike glycoprotein
seq640	seq2031	spike glycoprotein
seq640	seq2035	spike protein s1
seq640	seq2038	spike glycoprotein
seq640	seq2041	spike glycoprotein
seq640	seq2043	spike glycoprotein
seq640	seq2045	spike glycoprotein
seq640	seq2047	spike glycoprotein
seq640	seq2049	spike glycoprotein
seq640	seq2051	spike glycoprotein
seq640	seq2053	spike glycoprotein
seq640	seq2055	spike glycoprotein
seq640	seq2057	spike glycoprotein
seq640	seq2059	spike glycoprotein
seq640	seq2061	spike glycoprotein
seq640	seq3406	spike glycoprotein
seq640	seq3407	spike glycoprotein
seq640	seq3733	neuraminidase
seq640	seq3734	neuraminidase
seq640	seq3735	neuraminidase
seq640	seq3736	neuraminidase
seq640	seq3952	spike glycoprotein
seq640	seq3953	spike glycoprotein
seq640	seq3954	spike glycoprotein
seq640	seq4560	hemagglutinin
seq640	seq4561	hemagglutinin
seq640	seq5020	surface glycoprotein
seq640	seq5021	surface glycoprotein
seq640	seq5250	spike protein s1
seq640	seq5489	spike glycoprotein
seq682	seq682	spike protein s1
seq694	seq694	spike glycoprotein
seq695	seq695	spike glycoprotein
seq696	seq696	spike glycoprotein
seq698	seq698	spike glycoprotein
seq706	seq706	spike glycoprotein
seq714	seq714	spike glycoprotein
seq715	seq715	spike glycoprotein
seq720	seq720	hemagglutinin
seq720	seq721	hemagglutinin
seq720	seq722	hemagglutinin
seq723	seq723	hemagglutinin
seq723	seq724	hemagglutinin
seq723	seq725	hemagglutinin
seq726	seq726	spike glycoprotein
seq727	seq727	spike glycoprotein
seq728	seq728	spike glycoprotein
seq729	seq729	spike glycoprotein
seq730	seq730	spike glycoprotein
seq731	seq731	spike glycoprotein
seq732	seq732	spike protein s1
seq733	seq733	spike protein s1
seq735	seq735	spike protein s1
seq736	seq626	spike glycoprotein
seq736	seq933	spike glycoprotein
seq736	seq978	spike glycoprotein
seq736	seq979	spike glycoprotein
seq736	seq1359	spike glycoprotein
seq736	seq1360	spike glycoprotein
seq736	seq1361	spike glycoprotein
seq736	seq1362	spike glycoprotein
seq736	seq1363	spike glycoprotein
seq736	seq1364	spike glycoprotein
seq736	seq1401	spike glycoprotein
seq736	seq1409	spike glycoprotein
seq736	seq1410	spike glycoprotein
seq736	seq1877	spike glycoprotein
seq736	seq1878	spike glycoprotein
seq736	seq1880	spike glycoprotein
seq736	seq1881	spike glycoprotein
seq736	seq1882	spike glycoprotein
seq736	seq1883	spike glycoprotein
seq736	seq2024	spike glycoprotein
seq736	seq2025	spike glycoprotein
seq736	seq2026	spike glycoprotein
seq736	seq2027	spike glycoprotein
seq736	seq2241	spike glycoprotein
seq736	seq2252	spike glycoprotein
seq736	seq2258	spike glycoprotein
seq736	seq2259	spike glycoprotein
seq736	seq2443	spike glycoprotein
seq736	seq2444	spike glycoprotein
seq736	seq2869	spike glycoprotein
seq736	seq2871	spike glycoprotein
seq736	seq3782	spike glycoprotein
seq736	seq3844	spike glycoprotein
seq736	seq3845	spike glycoprotein
seq736	seq3846	spike glycoprotein
seq736	seq3847	spike glycoprotein
seq736	seq4140	spike glycoprotein
seq736	seq4141	spike glycoprotein
seq736	seq4230	spike glycoprotein
seq736	seq4231	spike glycoprotein
seq736	seq4232	spike glycoprotein
seq736	seq4233	spike glycoprotein
seq736	seq4234	spike glycoprotein
seq736	seq4401	spike glycoprotein
seq736	seq4402	spike glycoprotein
seq736	seq4403	spike glycoprotein
seq736	seq4681	spike glycoprotein
seq736	seq4758	spike protein s1
seq736	seq4784	spike glycoprotein
seq736	seq4785	spike glycoprotein
seq736	seq5010	hemagglutinin
seq736	seq5011	hemagglutinin
seq736	seq5012	hemagglutinin
seq737	seq737	spike glycoprotein
seq758	seq758	fusion glycoprotein f0
seq759	seq759	fusion glycoprotein f0
seq760	seq760	fusion glycoprotein f0
seq764	seq764	spike glycoprotein
seq764	seq765	spike glycoprotein
seq764	seq766	spike glycoprotein
seq768	seq275	spike glycoprotein
seq768	seq276	spike glycoprotein
seq768	seq277	spike glycoprotein
seq768	seq278	spike glycoprotein
seq768	seq546	spike protein s1
seq768	seq629	spike glycoprotein
seq768	seq689	spike protein s1
seq768	seq690	spike protein s1
seq768	seq768	spike protein s1
seq768	seq807	neuraminidase
seq768	seq808	neuraminidase
seq768	seq809	neuraminidase
seq768	seq810	neuraminidase
seq768	seq811	spike glycoprotein
seq768	seq814	spike glycoprotein
seq768	seq817	spike glycoprotein
seq768	seq820	spike glycoprotein
seq768	seq1021	spike protein s1
seq768	seq1351	spike glycoprotein
seq768	seq1352	spike glycoprotein
seq768	seq1353	spike glycoprotein
seq768	seq1373	spike protein s1
seq768	seq1374	spike protein s1
seq768	seq1453	spike glycoprotein
seq768	seq1454	spike glycoprotein
seq768	seq1455	spike glycoprotein
seq768	seq1601	spike glycoprotein
seq768	seq1694	spike glycoprotein
seq768	seq1702	spike protein s1
seq768	seq1703	spike protein s1
seq768	seq1735	spike protein s1
seq768	seq1766	spike protein s1
seq768	seq1870	spike protein s1
seq768	seq1871	spike protein s1
seq768	seq1879	spike glycoprotein
seq768	seq1985	spike protein s1
seq768	seq2014	spike glycoprotein
seq768	seq2015	spike glycoprotein
seq768	seq2222	fusion glycoprotein f0
seq768	seq2223	fusion glycoprotein f0
seq768	seq2224	fusion glycoprotein f0
seq768	seq2285	spike glycoprotein
seq768	seq2286	spike glycoprotein
seq768	seq2287	spike glycoprotein
seq768	seq2288	spike glycoprotein
seq768	seq2327	spike protein s1
seq768	seq2472	spike glycoprotein
seq768	seq2475	spike glycoprotein
seq768	seq2496	spike protein s1
seq768	seq2499	spike protein s1
seq768	seq2500	spike protein s1
seq768	seq2505	spike glycoprotein
seq768	seq2506	spike glycoprotein
seq768	seq2508	spike glycoprotein
seq768	seq2842	spike glycoprotein
seq768	seq2843	spike glycoprotein
seq768	seq2934	fusion glycoprotein f0
seq768	seq3091	spike protein s1
seq768	seq3092	spike protein s1
seq768	seq3231	hemagglutinin
seq768	seq3232	hemagglutinin
seq768	seq3535	spike protein s1
seq768	seq3536	spike protein s1
seq768	seq3556	fusion glycoprotein f0
seq768	seq3557	fusion glycoprotein f0
seq768	seq3653	fusion glycoprotein f0
seq768	seq3654	fusion glycoprotein f0
seq768	seq3655	fusion glycoprotein f0
seq768	seq3918	spike glycoprotein
seq768	seq3919	spike glycoprotein
seq768	seq3920	spike glycoprotein
seq768	seq3977	spike glycoprotein
seq768	seq3978	spike glycoprotein
seq768	seq3979	spike glycoprotein
seq768	seq4000	surface glycoprotein
seq768	seq4001	surface glycoprotein
seq768	seq4016	spike glycoprotein
seq768	seq4038	spike glycoprotein
seq768	seq4039	spike glycoprotein
seq768	seq4040	spike glycoprotein
seq768	seq4214	hemagglutinin
seq768	seq4228	spike protein s1
seq768	seq4413	spike protein s1
seq768	seq4447	spike glycoprotein
seq768	seq4448	spike glycoprotein
seq768	seq4655	spike protein s1
seq768	seq4690	spike glycoprotein
seq768	seq4824	spike protein s1
seq768	seq4856	spike glycoprotein
seq768	seq4857	spike glycoprotein
seq768	seq4858	spike glycoprotein
seq768	seq4865	spike protein s1
seq768	seq4937	spike protein s1
seq768	seq4970	spike protein s1
seq768	seq4971	spike protein s1
seq768	seq5037	spike glycoprotein
seq768	seq5038	spike glycoprotein
seq768	seq5040	spike glycoprotein
seq768	seq5153	spike glycoprotein
seq768	seq5304	spike glycoprotein
seq768	seq5314	spike glycoprotein
seq768	seq5315	spike glycoprotein
seq768	seq5373	spike glycoprotein
seq768	seq5472	spike glycoprotein
seq772	seq772	spike glycoprotein
seq772	seq773	spike glycoprotein
seq772	seq774	spike protein s1
seq772	seq4682	envelope glycoprotein gp160
seq772	seq4787	fusion glycoprotein f0
seq772	seq4788	fusion glycoprotein f0
seq772	seq4789	fusion glycoprotein f0
seq779	seq779	hemagglutinin
seq779	seq780	hemagglutinin
seq779	seq781	hemagglutinin
seq806	seq806	neuraminidase
seq849	seq849	spike protein s1
seq850	seq850	spike protein s1
seq852	seq852	spike protein s1
seq853	seq853	spike protein s1
seq864	seq8	hemagglutinin
seq864	seq9	hemagglutinin
seq864	seq10	hemagglutinin
seq864	seq1438	spike protein s1
seq864	seq1440	spike protein s1
seq864	seq2556	fusion glycoprotein f0
seq864	seq2557	fusion glycoprotein f0
seq864	seq2558	fusion glycoprotein f0
seq897	seq897	spike protein s1
seq898	seq898	spike protein s1
seq899	seq899	spike protein s1
seq928	seq24	spike protein s1
seq928	seq26	spike protein s1
seq928	seq93	spike glycoprotein
seq928	seq94	spike glycoprotein
seq928	seq95	spike glycoprotein
seq928	seq127	spike protein s1
seq928	seq339	spike protein s1
seq928	seq342	spike protein s1
seq928	seq571	spike protein s1
seq928	seq596	spike protein s1
seq928	seq597	spike glycoprotein
seq928	seq734	spike protein s1
seq928	seq738	hemagglutinin | hemagglutinin
seq928	seq805	neuraminidase
seq928	seq812	spike glycoprotein
seq928	seq815	spike glycoprotein
seq928	seq818	spike glycoprotein
seq928	seq822	spike glycoprotein
seq928	seq854	spike protein s1
seq928	seq903	spike protein s1
seq928	seq904	spike protein s1
seq928	seq980	spike protein s1
seq928	seq993	spike protein s1
seq928	seq1059	spike protein s1
seq928	seq1060	spike protein s1
seq928	seq1067	spike glycoprotein
seq928	seq1069	neuraminidase
seq928	seq1085	spike protein s1
seq928	seq1086	spike protein s1
seq928	seq1089	spike glycoprotein
seq928	seq1090	spike glycoprotein
seq928	seq1091	spike glycoprotein
seq928	seq1092	spike glycoprotein
seq928	seq1133	spike protein s1
seq928	seq1134	spike protein s1
seq928	seq1141	spike glycoprotein
seq928	seq1185	spike protein s1
seq928	seq1594	spike protein s1
seq928	seq1617	spike glycoprotein
seq928	seq1621	spike glycoprotein
seq928	seq1624	spike glycoprotein
seq928	seq1734	spike protein s1
seq928	seq1741	spike glycoprotein
seq928	seq1761	spike glycoprotein
seq928	seq1762	spike glycoprotein
seq928	seq1767	spike protein s1
seq928	seq1769	spike protein s1
seq928	seq1941	spike glycoprotein
seq928	seq1942	spike glycoprotein
seq928	seq1943	spike glycoprotein
seq928	seq1944	spike glycoprotein
seq928	seq1945	spike glycoprotein
seq928	seq1957	spike protein s1
seq928	seq1958	spike protein s1
seq928	seq1959	spike protein s1
seq928	seq1982	spike glycoprotein
seq928	seq2016	spike protein s1
seq928	seq2018	spike protein s1
seq928	seq2020	spike protein s1
seq928	seq2021	spike protein s1
seq928	seq2114	spike glycoprotein
seq928	seq2115	spike glycoprotein
seq928	seq2116	spike glycoprotein
seq928	seq2165	spike glycoprotein
seq928	seq2166	spike glycoprotein
seq928	seq2167	spike glycoprotein
seq928	seq2168	spike glycoprotein
seq928	seq2169	spike glycoprotein
seq928	seq2170	spike glycoprotein
seq928	seq2171	spike glycoprotein
seq928	seq2172	spike protein s1
seq928	seq2198	spike protein s1
seq928	seq2199	spike protein s1
seq928	seq2213	spike glycoprotein
seq928	seq2214	spike glycoprotein
seq928	seq2215	spike glycoprotein
seq928	seq2243	spike protein s1
seq928	seq2245	spike protein s1
seq928	seq2246	spike protein s1
seq928	seq2255	spike glycoprotein
seq928	seq2256	spike glycoprotein
seq928	seq2257	spike glycoprotein
seq928	seq2264	spike glycoprotein
seq928	seq2265	spike glycoprotein
seq928	seq2266	spike glycoprotein
seq928	seq2267	spike glycoprotein
seq928	seq2268	spike glycoprotein
seq928	seq2269	spike glycoprotein
seq928	seq2284	spike glycoprotein
seq928	seq2325	surface glycoprotein
seq928	seq2330	spike protein s1
seq928	seq2331	spike protein s1
seq928	seq2368	spike glycoprotein
seq928	seq2369	spike glycoprotein
seq928	seq2370	spike glycoprotein
seq928	seq2371	spike glycoprotein
seq928	seq2372	spike glycoprotein
seq928	seq2373	spike protein s1
seq928	seq2393	spike protein s1
seq928	seq2400	spike protein s1
seq928	seq2437	spike protein s1
seq928	seq2439	spike protein s1
seq928	seq2462	spike glycoprotein
seq928	seq2463	spike glycoprotein
seq928	seq2464	spike glycoprotein
seq928	seq2757	spike protein s1
seq928	seq2993	spike protein s1
seq928	seq3151	spike protein s1
seq928	seq3152	spike protein s1
seq928	seq3153	spike protein s1
seq928	seq3154	spike protein s1
seq928	seq3164	hemagglutinin | hemagglutinin
seq928	seq3165	hemagglutinin | hemagglutinin
seq928	seq3166	hemagglutinin | hemagglutinin
seq928	seq3167	hemagglutinin | hemagglutinin
seq928	seq3168	hemagglutinin | hemagglutinin
seq928	seq3169	hemagglutinin | hemagglutinin
seq928	seq3207	spike glycoprotein
seq928	seq3209	spike glycoprotein
seq928	seq3210	spike glycoprotein
seq928	seq3215	spike glycoprotein
seq928	seq3216	spike glycoprotein
seq928	seq3217	spike glycoprotein
seq928	seq3279	neuraminidase
seq928	seq3280	neuraminidase
seq928	seq3281	neuraminidase
seq928	seq3282	neuraminidase
seq928	seq3293	spike protein s1
seq928	seq3294	spike protein s1
seq928	seq3311	spike protein s1
seq928	seq3368	spike glycoprotein
seq928	seq3375	spike glycoprotein
seq928	seq3608	spike glycoprotein
seq928	seq3609	spike glycoprotein
seq928	seq3621	spike glycoprotein
seq928	seq3624	spike glycoprotein
seq928	seq3630	surface glycoprotein
seq928	seq3631	surface glycoprotein
seq928	seq3632	surface glycoprotein
seq928	seq3646	spike glycoprotein
seq928	seq3647	spike glycoprotein
seq928	seq3648	spike glycoprotein
seq928	seq3778	surface glycoprotein
seq928	seq3779	surface glycoprotein
seq928	seq3903	spike protein s1
seq928	seq3904	spike protein s1
seq928	seq3908	spike protein s1
seq928	seq3933	spike glycoprotein
seq928	seq3970	spike glycoprotein
seq928	seq3991	spike protein s1
seq928	seq4007	spike protein s1
seq928	seq4119	spike glycoprotein
seq928	seq4120	spike glycoprotein
seq928	seq4121	spike glycoprotein
seq928	seq4125	spike glycoprotein
seq928	seq4126	spike glycoprotein
seq928	seq4127	spike glycoprotein
seq928	seq4152	spike protein s1
seq928	seq4185	spike glycoprotein
seq928	seq4186	spike glycoprotein
seq928	seq4187	spike glycoprotein
seq928	seq4204	spike protein s1
seq928	seq4248	spike glycoprotein
seq928	seq4249	spike glycoprotein
seq928	seq4271	spike protein s1
seq928	seq4469	surface glycoprotein
seq928	seq4482	spike protein s1
seq928	seq4484	surface glycoprotein
seq928	seq4496	spike protein s1
seq928	seq4522	spike glycoprotein
seq928	seq4523	spike glycoprotein
seq928	seq4524	spike glycoprotein
seq928	seq4609	spike glycoprotein
seq928	seq4687	spike protein s1
seq928	seq4693	surface glycoprotein
seq928	seq4710	spike protein s1
seq928	seq4711	spike protein s1
seq928	seq4730	spike glycoprotein
seq928	seq4757	spike glycoprotein
seq928	seq4760	spike protein s1
seq928	seq4773	spike glycoprotein
seq928	seq4795	spike protein s1
seq928	seq4828	spike protein s1
seq928	seq4847	spike glycoprotein
seq928	seq4848	spike glycoprotein
seq928	seq4849	spike glycoprotein
seq928	seq4866	spike protein s1
seq928	seq4955	surface glycoprotein
seq928	seq4964	hemagglutinin
seq928	seq4965	hemagglutinin
seq928	seq5007	spike glycoprotein
seq928	seq5044	spike glycoprotein
seq928	seq5045	spike glycoprotein
seq928	seq5046	spike glycoprotein
seq928	seq5048	spike protein s1
seq928	seq5058	spike glycoprotein
seq928	seq5059	spike glycoprotein
seq928	seq5073	spike protein s1
seq928	seq5083	spike protein s1
seq928	seq5085	surface glycoprotein
seq928	seq5108	spike protein s1
seq928	seq5190	spike protein s1
seq928	seq5241	spike protein s1
seq928	seq5273	spike glycoprotein
seq928	seq5274	spike glycoprotein
seq928	seq5277	spike glycoprotein
seq928	seq5338	spike protein s1
seq928	seq5393	spike protein s1
seq928	seq5431	spike glycoprotein
seq928	seq5442	hemagglutinin
seq928	seq5476	spike glycoprotein
seq928	seq5478	spike protein s1
seq952	seq952	spike glycoprotein
seq972	seq972	spike protein s1
seq973	seq973	spike protein s1
seq974	seq974	spike protein s1
seq975	seq975	spike protein s1
seq992	seq992	spike protein s1
seq1040	seq1040	fusion glycoprotein f0
seq1056	seq1055	spike protein s1
seq1056	seq1056	spike protein s1
seq1056	seq1057	spike protein s1
seq1056	seq1058	spike protein s1
seq1063	seq1063	spike protein s1
seq1064	seq1064	spike protein s1
seq1065	seq1065	spike protein s1
seq1066	seq1066	spike protein s1
seq1088	seq283	spike glycoprotein
seq1088	seq285	spike glycoprotein
seq1088	seq287	spike glycoprotein
seq1088	seq2201	spike protein s1
seq1088	seq4503	spike protein s1
seq1088	seq4504	spike protein s1
seq1088	seq4505	spike protein s1
seq1088	seq4506	spike protein s1
seq1096	seq505	envelope glycoprotein gp120
seq1096	seq507	envelope glycoprotein gp120
seq1096	seq509	envelope glycoprotein gp120
seq1096	seq570	envelope glycoprotein gp120
seq1096	seq1367	envelope glycoprotein gp160
seq1096	seq1368	envelope glycoprotein gp160
seq1096	seq2741	envelope glycoprotein gp120
seq1096	seq2742	envelope glycoprotein gp120
seq1096	seq2743	envelope glycoprotein gp120
seq1096	seq5129	envelope glycoprotein gp120
seq1108	seq1108	spike protein s1
seq1114	seq1114	hemagglutinin
seq1120	seq1118	hemagglutinin
seq1120	seq1119	hemagglutinin
seq1120	seq1120	hemagglutinin
seq1121	seq1121	hemagglutinin
seq1121	seq1122	hemagglutinin
seq1121	seq1123	hemagglutinin
seq1124	seq1124	hemagglutinin
seq1125	seq1125	hemagglutinin
seq1126	seq1126	hemagglutinin
seq1130	seq1130	spike glycoprotein
seq1131	seq1131	spike glycoprotein
seq1132	seq1132	spike glycoprotein
seq1152	seq376	hemagglutinin | hemagglutinin
seq1152	seq377	hemagglutinin | hemagglutinin
seq1152	seq378	hemagglutinin | hemagglutinin
seq1152	seq460	spike glycoprotein
seq1152	seq461	spike glycoprotein
seq1152	seq462	spike glycoprotein
seq1152	seq463	spike glycoprotein
seq1152	seq466	spike glycoprotein
seq1152	seq473	spike glycoprotein
seq1152	seq474	spike glycoprotein
seq1152	seq475	spike glycoprotein
seq1165	seq1165	spike protein s1
seq1166	seq1166	spike protein s1
seq1167	seq1167	spike protein s1
seq1193	seq1193	spike glycoprotein
seq1193	seq1194	spike glycoprotein
seq1193	seq1195	spike glycoprotein
seq1193	seq1196	spike glycoprotein
seq1222	seq1225	fusion glycoprotein f0
seq1222	seq1227	fusion glycoprotein f0
seq1222	seq1228	fusion glycoprotein f0
seq1236	seq1236	neuraminidase
seq1237	seq1237	neuraminidase
seq1238	seq1238	neuraminidase
seq1239	seq1239	neuraminidase
seq1240	seq1240	neuraminidase
seq1241	seq1241	neuraminidase
seq1242	seq1242	neuraminidase
seq1243	seq1243	neuraminidase
seq1244	seq1244	hemagglutinin
seq1245	seq1245	hemagglutinin
seq1312	seq2967	envelope glycoprotein gp160
seq1312	seq2968	envelope glycoprotein gp160
seq1312	seq2969	envelope glycoprotein gp160
seq1312	seq4213	envelope glycoprotein gp160
seq1318	seq520	spike glycoprotein
seq1318	seq521	spike glycoprotein
seq1318	seq522	spike glycoprotein
seq1318	seq1318	spike protein s1
seq1318	seq1319	spike glycoprotein
seq1318	seq1320	spike glycoprotein
seq1318	seq1321	spike glycoprotein
seq1318	seq1803	fusion glycoprotein f0
seq1318	seq1804	fusion glycoprotein f0
seq1318	seq1805	fusion glycoprotein f0
seq1318	seq2225	fusion glycoprotein f0
seq1318	seq2226	fusion glycoprotein f0
seq1318	seq2227	fusion glycoprotein f0
seq1318	seq2312	fusion glycoprotein f0
seq1318	seq2314	fusion glycoprotein f0
seq1318	seq2317	fusion glycoprotein f0
seq1318	seq3818	fusion glycoprotein f0
seq1324	seq1324	spike protein s1
seq1325	seq1325	spike protein s1
seq1326	seq1326	spike glycoprotein
seq1327	seq1327	spike glycoprotein
seq1328	seq1328	spike glycoprotein
seq1376	seq333	spike protein s1
seq1376	seq1188	spike protein s1
seq1376	seq1189	spike protein s1
seq1376	seq1375	spike glycoprotein
seq1376	seq1376	spike glycoprotein
seq1376	seq3186	spike protein s1
seq1376	seq3187	spike protein s1
seq1376	seq5094	spike glycoprotein
seq1376	seq5095	spike glycoprotein
seq1376	seq5096	spike glycoprotein
seq1390	seq1390	spike glycoprotein
seq1391	seq1391	spike glycoprotein
seq1392	seq1392	spike glycoprotein
seq1393	seq1393	spike glycoprotein
seq1412	seq1412	spike glycoprotein
seq1480	seq1480	spike protein s1
seq1481	seq1481	spike protein s1
seq1482	seq1482	spike protein s1
seq1483	seq1483	spike protein s1
seq1536	seq1338	spike glycoprotein
seq1536	seq1339	spike glycoprotein
seq1536	seq1340	spike glycoprotein
seq1536	seq1536	spike glycoprotein
seq1536	seq1538	spike glycoprotein
seq1536	seq1540	spike glycoprotein
seq1536	seq1542	spike glycoprotein
seq1536	seq1544	spike glycoprotein
seq1536	seq1546	spike glycoprotein
seq1537	seq1537	spike glycoprotein
seq1539	seq1539	spike glycoprotein
seq1541	seq1541	spike glycoprotein
seq1543	seq1543	spike glycoprotein
seq1545	seq1545	spike glycoprotein
seq1547	seq1547	spike glycoprotein
seq1548	seq1548	spike protein s1
seq1549	seq1549	spike protein s1
seq1555	seq1555	spike glycoprotein
seq1556	seq1556	spike glycoprotein
seq1558	seq1558	spike protein s1
seq1568	seq1568	spike glycoprotein
seq1570	seq1570	spike glycoprotein
seq1570	seq1571	spike glycoprotein
seq1570	seq1572	spike glycoprotein
seq1573	seq1573	spike protein s1
seq1574	seq1574	spike protein s1
seq1605	seq1605	spike protein s1
seq1605	seq1606	spike protein s1
seq1605	seq1770	spike protein s1
seq1605	seq1771	spike protein s1
seq1609	seq1609	spike protein s1
seq1610	seq1610	spike glycoprotein
seq1611	seq1611	spike glycoprotein
seq1612	seq1612	spike protein s1
seq1613	seq1613	spike protein s1
seq1614	seq1614	spike protein s1
seq1615	seq1615	spike glycoprotein
seq1616	seq1616	spike glycoprotein
seq1618	seq1618	spike glycoprotein
seq1619	seq1619	spike glycoprotein
seq1620	seq1620	spike glycoprotein
seq1622	seq1622	spike glycoprotein
seq1623	seq1623	spike glycoprotein
seq1625	seq1625	spike protein s1
seq1626	seq1626	spike protein s1
seq1630	seq1630	spike protein s1
seq1631	seq1631	spike protein s1
seq1632	seq1632	spike protein s1
seq1633	seq1633	spike protein s1
seq1664	seq2495	spike protein s1
seq1664	seq2497	spike protein s1
seq1664	seq2498	spike protein s1
seq1664	seq4139	envelope glycoprotein gp160
seq1664	seq4553	envelope glycoprotein gp160
seq1693	seq1693	spike glycoprotein
seq1695	seq1695	spike protein s1
seq1696	seq1696	spike protein s1
seq1697	seq1697	spike protein s1
seq1698	seq1698	spike protein s1
seq1699	seq1699	spike protein s1
seq1700	seq1700	spike protein s1
seq1701	seq1701	spike glycoprotein
seq1704	seq1704	spike protein s1
seq1705	seq1705	spike protein s1
seq1711	seq1711	spike glycoprotein
seq1712	seq1712	spike glycoprotein
seq1713	seq1713	spike glycoprotein
seq1722	seq1722	spike glycoprotein
seq1722	seq1723	spike glycoprotein
seq1722	seq1724	spike glycoprotein
seq1728	seq47	spike glycoprotein
seq1728	seq813	spike glycoprotein
seq1728	seq816	spike glycoprotein
seq1728	seq819	spike glycoprotein
seq1728	seq821	spike glycoprotein
seq1728	seq1127	spike glycoprotein
seq1728	seq1128	spike glycoprotein
seq1728	seq1129	spike glycoprotein
seq1728	seq1226	fusion glycoprotein f0
seq1728	seq1726	spike glycoprotein
seq1728	seq1727	spike glycoprotein
seq1728	seq1728	spike glycoprotein
seq1728	seq1729	spike glycoprotein
seq1728	seq2253	spike glycoprotein
seq1728	seq3358	spike glycoprotein
seq1728	seq3359	spike glycoprotein
seq1728	seq3360	spike glycoprotein
seq1728	seq5260	spike protein s1
seq1733	seq1733	spike glycoprotein
seq1736	seq1736	spike glycoprotein
seq1737	seq1737	spike glycoprotein
seq1746	seq1746	spike glycoprotein
seq1747	seq1747	spike glycoprotein
seq1748	seq1748	spike glycoprotein
seq1760	seq1760	spike protein s1
seq1760	seq4820	spike glycoprotein
seq1768	seq1768	spike protein s1
seq1782	seq1782	spike protein s1
seq1783	seq1783	spike protein s1
seq1784	seq1784	spike glycoprotein
seq1787	seq1787	spike glycoprotein
seq1788	seq1788	spike glycoprotein
seq1789	seq1789	spike glycoprotein
seq1790	seq1790	spike glycoprotein
seq1792	seq1792	spike glycoprotein
seq1793	seq1708	spike glycoprotein
seq1793	seq1709	spike glycoprotein
seq1793	seq1710	spike glycoprotein
seq1793	seq1785	spike glycoprotein
seq1793	seq1786	spike glycoprotein
seq1793	seq1791	spike glycoprotein
seq1793	seq1793	spike glycoprotein
seq1793	seq1795	spike glycoprotein
seq1794	seq1794	spike glycoprotein
seq1796	seq1796	spike glycoprotein
seq1802	seq1802	fusion glycoprotein f0
seq1841	seq1841	spike glycoprotein
seq1842	seq1842	spike glycoprotein
seq1843	seq1843	spike glycoprotein
seq1844	seq1844	spike glycoprotein
seq1845	seq1845	spike glycoprotein
seq1846	seq1846	spike glycoprotein
seq1847	seq1847	spike glycoprotein
seq1908	seq1908	spike glycoprotein
seq1909	seq1909	spike glycoprotein
seq1910	seq1910	spike glycoprotein
seq1912	seq1912	spike glycoprotein
seq1913	seq1913	spike glycoprotein
seq1915	seq1915	spike glycoprotein
seq1917	seq1917	spike glycoprotein
seq1919	seq1919	spike protein s1
seq1920	seq1920	spike protein s1
seq1931	seq1931	hemagglutinin | hemagglutinin
seq1940	seq1940	hemagglutinin | hemagglutinin
seq1946	seq1946	spike protein s1
seq1986	seq1341	spike protein s1
seq1986	seq1986	spike glycoprotein
seq1986	seq1987	spike glycoprotein
seq1986	seq1988	spike glycoprotein
seq1986	seq1999	spike protein s1
seq1995	seq1995	spike glycoprotein
seq1996	seq1996	spike glycoprotein
seq1997	seq1997	spike glycoprotein
seq1998	seq1998	spike protein s1
seq2012	seq2012	spike glycoprotein
seq2013	seq2013	spike glycoprotein
seq2022	seq2022	spike protein s1
seq2023	seq2023	spike glycoprotein
seq2048	seq17	spike glycoprotein
seq2048	seq18	spike glycoprotein
seq2048	seq19	spike glycoprotein
seq2048	seq719	spike protein s1
seq2048	seq905	spike protein s1
seq2048	seq1061	spike protein s1
seq2048	seq1062	spike protein s1
seq2048	seq1394	spike glycoprotein
seq2048	seq1395	spike glycoprotein
seq2048	seq1396	spike glycoprotein
seq2048	seq1397	spike glycoprotein
seq2048	seq1406	spike glycoprotein
seq2048	seq1658	envelope glycoprotein gp160
seq2048	seq1659	envelope glycoprotein gp160
seq2048	seq1660	envelope glycoprotein gp160
seq2048	seq2011	spike glycoprotein
seq2048	seq2028	spike glycoprotein
seq2048	seq2030	spike glycoprotein
seq2048	seq2034	spike protein s1
seq2048	seq2036	spike glycoprotein
seq2048	seq2037	spike glycoprotein
seq2048	seq2039	spike glycoprotein
seq2048	seq2040	spike glycoprotein
seq2048	seq2042	spike glycoprotein
seq2048	seq2044	spike glycoprotein
seq2048	seq2046	spike glycoprotein
seq2048	seq2048	spike glycoprotein
seq2048	seq2050	spike glycoprotein
seq2048	seq2052	spike glycoprotein
seq2048	seq2054	spike glycoprotein
seq2048	seq2056	spike glycoprotein
seq2048	seq2058	spike glycoprotein
seq2048	seq2060	spike glycoprotein
seq2048	seq2392	spike protein s1
seq2048	seq2469	spike glycoprotein
seq2048	seq2470	spike glycoprotein
seq2048	seq2471	spike glycoprotein
seq2048	seq2766	envelope glycoprotein gp120
seq2048	seq2767	envelope glycoprotein gp120
seq2048	seq2768	envelope glycoprotein gp120
seq2048	seq2781	spike glycoprotein
seq2048	seq2782	spike glycoprotein
seq2048	seq2783	spike glycoprotein
seq2048	seq3673	spike protein s1
seq2048	seq3744	spike glycoprotein
seq2048	seq3745	spike glycoprotein
seq2048	seq3792	spike glycoprotein
seq2048	seq3793	spike glycoprotein
seq2048	seq3794	spike glycoprotein
seq2048	seq3849	spike glycoprotein
seq2048	seq3850	spike glycoprotein
seq2048	seq4092	surface glycoprotein
seq2048	seq5398	spike glycoprotein
seq2072	seq2072	spike glycoprotein
seq2080	seq2076	spike glycoprotein
seq2080	seq2077	spike glycoprotein
seq2080	seq2078	spike glycoprotein
seq2080	seq2080	spike glycoprotein
seq2080	seq2082	spike glycoprotein
seq2080	seq2084	spike glycoprotein
seq2107	seq2107	envelope glycoprotein gp120
seq2107	seq2108	envelope glycoprotein gp120
seq2107	seq2109	envelope glycoprotein gp120
seq2112	seq506	envelope glycoprotein gp120
seq2112	seq508	envelope glycoprotein gp120
seq2112	seq510	envelope glycoprotein gp120
seq2112	seq1081	envelope glycoprotein gp160
seq2112	seq1082	envelope glycoprotein gp160
seq2112	seq1083	envelope glycoprotein gp160
seq2112	seq2110	envelope glycoprotein gp120
seq2112	seq2111	envelope glycoprotein gp120
seq2112	seq2112	envelope glycoprotein gp120
seq2112	seq2145	envelope glycoprotein gp120
seq2112	seq2146	envelope glycoprotein gp120
seq2112	seq2147	envelope glycoprotein gp120
seq2112	seq2271	envelope glycoprotein gp120
seq2112	seq2273	envelope glycoprotein gp160
seq2112	seq2275	envelope glycoprotein gp160
seq2112	seq2277	envelope glycoprotein gp160
seq2112	seq2902	envelope glycoprotein gp160
seq2112	seq3096	envelope glycoprotein gp160
seq2112	seq3386	envelope glycoprotein gp160
seq2112	seq3487	envelope glycoprotein gp160
seq2112	seq3705	envelope glycoprotein gp120
seq2112	seq3708	envelope glycoprotein gp120
seq2112	seq3709	envelope glycoprotein gp120
seq2112	seq3722	envelope glycoprotein gp160
seq2112	seq3873	envelope glycoprotein gp120
seq2112	seq3940	envelope glycoprotein gp120
seq2112	seq3941	envelope glycoprotein gp120
seq2112	seq3942	envelope glycoprotein gp120
seq2112	seq3990	envelope glycoprotein gp160
seq2112	seq4138	envelope glycoprotein gp160
seq2112	seq4441	envelope glycoprotein gp120
seq2112	seq4491	envelope glycoprotein gp160
seq2112	seq4552	envelope glycoprotein gp160
seq2112	seq4651	envelope glycoprotein gp160
seq2112	seq4677	envelope glycoprotein gp120
seq2112	seq4983	envelope glycoprotein gp160
seq2112	seq5137	envelope glycoprotein gp120
seq2112	seq5184	envelope glycoprotein gp160
seq2112	seq5352	envelope glycoprotein gp160
seq2112	seq5369	envelope glycoprotein gp120
seq2144	seq106	neuraminidase
seq2144	seq879	neuraminidase
seq2144	seq1002	spike glycoprotein
seq2144	seq1003	spike glycoprotein
seq2144	seq1004	spike glycoprotein
seq2144	seq1005	spike glycoprotein
seq2144	seq1006	spike glycoprotein
seq2144	seq1007	spike glycoprotein
seq2144	seq1008	spike glycoprotein
seq2144	seq1009	spike glycoprotein
seq2144	seq1077	spike protein s1
seq2144	seq1365	envelope glycoprotein gp160
seq2144	seq1366	envelope glycoprotein gp160
seq2144	seq1427	spike protein s1
seq2144	seq1428	spike protein s1
seq2144	seq1577	spike protein s1
seq2144	seq1578	spike protein s1
seq2144	seq1627	spike glycoprotein
seq2144	seq1628	spike glycoprotein
seq2144	seq1629	spike glycoprotein
seq2144	seq2142	envelope glycoprotein gp120
seq2144	seq2143	envelope glycoprotein gp120
seq2144	seq2144	envelope glycoprotein gp120
seq2144	seq2308	spike protein s1
seq2144	seq3190	spike glycoprotein
seq2144	seq3191	spike glycoprotein
seq2144	seq3192	spike glycoprotein
seq2144	seq3445	spike glycoprotein
seq2144	seq3446	spike glycoprotein
seq2144	seq4160	spike protein s1
seq2144	seq4388	spike protein s1
seq2144	seq4389	spike protein s1
seq2144	seq4999	spike glycoprotein
seq2144	seq5237	envelope glycoprotein gp120
seq2144	seq5238	envelope glycoprotein gp120
seq2194	seq2194	spike protein s1
seq2200	seq2200	spike protein s1
seq2210	seq2210	spike glycoprotein
seq2211	seq2211	spike glycoprotein
seq2212	seq2212	spike glycoprotein
seq2216	seq2216	fusion glycoprotein f0
seq2216	seq2217	fusion glycoprotein f0
seq2216	seq2218	fusion glycoprotein f0
seq2219	seq2219	fusion glycoprotein f0
seq2219	seq2220	fusion glycoprotein f0
seq2219	seq2221	fusion glycoprotein f0
seq2228	seq2228	spike glycoprotein
seq2229	seq2229	spike glycoprotein
seq2230	seq2230	spike glycoprotein
seq2242	seq2242	spike protein s1
seq2244	seq2244	spike protein s1
seq2251	seq2251	spike glycoprotein
seq2272	seq2270	envelope glycoprotein gp120
seq2272	seq2272	envelope glycoprotein gp160
seq2272	seq2274	envelope glycoprotein gp160
seq2272	seq2276	envelope glycoprotein gp160
seq2279	seq2279	spike glycoprotein
seq2280	seq2280	spike glycoprotein
seq2281	seq2281	spike glycoprotein
seq2294	seq2294	spike protein s1
seq2309	seq890	spike glycoprotein
seq2309	seq891	spike glycoprotein
seq2309	seq892	spike glycoprotein
seq2309	seq2309	spike glycoprotein
seq2309	seq2310	spike glycoprotein
seq2309	seq2311	spike glycoprotein
seq2324	seq2324	surface glycoprotein
seq2326	seq2326	surface glycoprotein
seq2332	seq2332	spike protein s1
seq2333	seq2333	spike protein s1
seq2389	seq2202	spike protein s1
seq2389	seq2389	spike glycoprotein
seq2389	seq2390	spike glycoprotein
seq2389	seq2391	spike glycoprotein
seq2394	seq2394	spike protein s1
seq2395	seq2395	spike protein s1
seq2401	seq2401	spike protein s1
seq2401	seq2404	spike protein s1
seq2401	seq3622	spike glycoprotein
seq2401	seq3623	spike glycoprotein
seq2401	seq4255	spike glycoprotein
seq2401	seq4257	spike glycoprotein
seq2411	seq2411	spike glycoprotein
seq2412	seq2412	spike glycoprotein
seq2413	seq2413	spike glycoprotein
seq2414	seq2414	spike glycoprotein
seq2416	seq2416	spike glycoprotein
seq2419	seq2419	spike glycoprotein
seq2436	seq2436	spike protein s1
seq2438	seq2438	spike protein s1
seq2479	seq2479	spike glycoprotein
seq2511	seq2511	spike glycoprotein
seq2511	seq2512	spike glycoprotein
seq2511	seq2513	spike glycoprotein
seq2511	seq3188	spike protein s1
seq2511	seq3189	spike protein s1
seq2519	seq2518	spike protein s1
seq2519	seq2519	spike protein s1
seq2520	seq2520	neuraminidase
seq2521	seq2521	neuraminidase
seq2522	seq2522	neuraminidase
seq2523	seq2523	neuraminidase
seq2528	seq3565	hemagglutinin
seq2528	seq3566	hemagglutinin
seq2553	seq2553	spike glycoprotein
seq2554	seq2554	spike glycoprotein
seq2555	seq2555	spike glycoprotein
seq2592	seq5009	spike protein s1
seq2596	seq2596	hemagglutinin
seq2597	seq2597	hemagglutinin
seq2598	seq2598	hemagglutinin
seq2599	seq2599	hemagglutinin
seq2600	seq2600	hemagglutinin
seq2601	seq2601	hemagglutinin
seq2602	seq2602	hemagglutinin
seq2603	seq2603	hemagglutinin
seq2622	seq2622	fusion glycoprotein f0
seq2623	seq2623	fusion glycoprotein f0
seq2624	seq2624	fusion glycoprotein f0
seq2625	seq2625	fusion glycoprotein f0
seq2626	seq2626	fusion glycoprotein f0
seq2627	seq2627	fusion glycoprotein f0
seq2653	seq2653	hemagglutinin
seq2654	seq2654	hemagglutinin | hemagglutinin
seq2711	seq2711	spike protein s1
seq2712	seq2712	spike protein s1
seq2752	seq2739	surface glycoprotein
seq2752	seq2740	surface glycoprotein
seq2752	seq5288	spike glycoprotein
seq2756	seq2756	spike protein s1
seq2784	seq2784	spike glycoprotein
seq2784	seq2786	spike glycoprotein
seq2784	seq2787	spike glycoprotein
seq2784	seq2913	spike glycoprotein
seq2784	seq2914	spike glycoprotein
seq2784	seq2917	spike glycoprotein
seq2784	seq3027	spike glycoprotein
seq2784	seq3028	spike glycoprotein
seq2784	seq3029	spike glycoprotein
seq2784	seq3465	spike glycoprotein
seq2784	seq3467	spike glycoprotein
seq2784	seq3470	spike glycoprotein
seq2784	seq3476	spike glycoprotein
seq2784	seq3477	spike glycoprotein
seq2784	seq3479	spike glycoprotein
seq2785	seq2415	spike glycoprotein
seq2785	seq2417	spike glycoprotein
seq2785	seq2418	spike glycoprotein
seq2785	seq2785	spike glycoprotein
seq2785	seq2788	spike glycoprotein
seq2785	seq2789	spike glycoprotein
seq2785	seq2918	spike glycoprotein
seq2785	seq2919	spike glycoprotein
seq2785	seq3370	spike glycoprotein
seq2785	seq3371	spike glycoprotein
seq2785	seq3372	spike glycoprotein
seq2785	seq3464	spike glycoprotein
seq2785	seq3468	spike glycoprotein
seq2785	seq3471	spike glycoprotein
seq2785	seq5318	spike glycoprotein
seq2785	seq5321	spike glycoprotein
seq2799	seq2799	spike glycoprotein
seq2803	seq2803	spike glycoprotein
seq2817	seq2817	hemagglutinin | hemagglutinin
seq2817	seq2818	hemagglutinin | hemagglutinin
seq2817	seq2819	hemagglutinin | hemagglutinin
seq2817	seq2820	hemagglutinin | hemagglutinin
seq2817	seq2821	hemagglutinin | hemagglutinin
seq2817	seq2822	hemagglutinin | hemagglutinin
seq2847	seq2847	spike glycoprotein
seq2848	seq2848	spike glycoprotein
seq2849	seq2849	spike glycoprotein
seq2850	seq2850	spike glycoprotein
seq2850	seq2851	spike glycoprotein
seq2850	seq4573	spike glycoprotein
seq2850	seq4574	spike glycoprotein
seq2850	seq4575	spike glycoprotein
seq2891	seq2891	spike glycoprotein
seq2891	seq2892	spike glycoprotein
seq2891	seq2893	spike glycoprotein
seq2891	seq4780	spike protein s1
seq2891	seq4781	spike protein s1
seq2905	seq4074	spike glycoprotein
seq2915	seq2915	spike glycoprotein
seq2916	seq2916	spike glycoprotein
seq2920	seq2920	spike glycoprotein
seq2925	seq2925	spike protein s1
seq2926	seq2926	neuraminidase
seq2927	seq2927	neuraminidase
seq2928	seq2928	neuraminidase
seq2929	seq2929	neuraminidase
seq2930	seq2930	spike protein s1
seq2931	seq2931	spike protein s1
seq2932	seq2932	spike protein s1
seq2933	seq2933	spike protein s1
seq2955	seq2955	spike protein s1
seq2956	seq2956	spike protein s1
seq2957	seq2957	spike protein s1
seq2970	seq2970	spike glycoprotein
seq2971	seq2971	spike glycoprotein
seq2972	seq2972	spike glycoprotein
seq2975	seq2975	spike protein s1
seq2985	seq2985	spike glycoprotein
seq2986	seq2986	spike glycoprotein
seq2987	seq2987	spike glycoprotein
seq2994	seq2994	spike protein s1
seq3008	seq2878	envelope glycoprotein gp160
seq3008	seq2883	envelope glycoprotein gp160
seq3008	seq3118	envelope glycoprotein gp160
seq3008	seq3489	envelope glycoprotein gp160
seq3008	seq4664	envelope glycoprotein gp160
seq3008	seq4670	envelope glycoprotein gp160
seq3008	seq4745	envelope glycoprotein gp160
seq3008	seq4894	envelope glycoprotein gp160
seq3008	seq4895	envelope glycoprotein gp160
seq3008	seq4896	envelope glycoprotein gp160
seq3008	seq4897	envelope glycoprotein gp160
seq3008	seq5297	envelope glycoprotein gp160
seq3008	seq5371	envelope glycoprotein gp120
seq3008	seq5459	envelope glycoprotein gp160
seq3008	seq5460	envelope glycoprotein gp120
seq3014	seq3228	hemagglutinin
seq3040	seq3040	spike protein s1
seq3041	seq3041	spike protein s1
seq3044	seq3043	hemagglutinin
seq3044	seq3044	hemagglutinin
seq3083	seq3083	spike glycoprotein
seq3100	seq3100	neuraminidase
seq3101	seq3101	neuraminidase
seq3102	seq3102	neuraminidase
seq3104	seq2149	surface glycoprotein
seq3104	seq2150	spike glycoprotein
seq3104	seq2151	spike glycoprotein
seq3104	seq2152	spike glycoprotein
seq3104	seq2613	spike glycoprotein
seq3104	seq2615	spike glycoprotein
seq3104	seq2616	spike glycoprotein
seq3129	seq3129	spike protein s1
seq3136	seq3136	surface glycoprotein
seq3137	seq3137	surface glycoprotein
seq3156	seq3155	spike protein s1
seq3156	seq3156	spike protein s1
seq3180	seq3180	spike glycoprotein
seq3180	seq3181	spike glycoprotein
seq3180	seq3182	spike glycoprotein
seq3193	seq3193	hemagglutinin
seq3195	seq3195	spike glycoprotein
seq3197	seq3197	spike glycoprotein
seq3199	seq3199	spike glycoprotein
seq3205	seq3205	spike glycoprotein
seq3205	seq3206	spike glycoprotein
seq3205	seq3208	spike glycoprotein
seq3205	seq3412	spike glycoprotein
seq3205	seq3413	spike glycoprotein
seq3223	seq3223	surface glycoprotein
seq3224	seq3224	surface glycoprotein
seq3225	seq3225	surface glycoprotein
seq3236	seq3236	spike glycoprotein
seq3237	seq3237	spike glycoprotein
seq3238	seq3238	spike glycoprotein
seq3264	seq994	spike protein s1
seq3264	seq996	spike protein s1
seq3264	seq998	spike protein s1
seq3264	seq1000	spike protein s1
seq3264	seq2698	hemagglutinin
seq3264	seq2699	hemagglutinin
seq3264	seq2700	hemagglutinin
seq3264	seq2701	hemagglutinin
seq3264	seq2702	hemagglutinin
seq3264	seq2703	hemagglutinin
seq3264	seq2704	hemagglutinin
seq3264	seq2705	hemagglutinin
seq3264	seq2706	hemagglutinin
seq3264	seq2707	hemagglutinin
seq3264	seq2708	hemagglutinin
seq3264	seq2709	hemagglutinin
seq3264	seq3263	hemagglutinin | hemagglutinin
seq3264	seq3264	hemagglutinin | hemagglutinin
seq3264	seq3265	hemagglutinin | hemagglutinin
seq3264	seq3913	hemagglutinin | hemagglutinin
seq3264	seq3914	hemagglutinin | hemagglutinin
seq3264	seq3915	hemagglutinin | hemagglutinin
seq3264	seq4180	hemagglutinin | hemagglutinin
seq3264	seq4181	hemagglutinin | hemagglutinin
seq3264	seq4182	hemagglutinin | hemagglutinin
seq3283	seq3283	spike glycoprotein
seq3286	seq3286	spike glycoprotein
seq3292	seq3292	spike protein s1
seq3295	seq3295	spike protein s1
seq3300	seq3300	spike protein s1
seq3327	seq3326	hemagglutinin
seq3327	seq3327	hemagglutinin
seq3335	seq3335	surface glycoprotein
seq3336	seq3336	surface glycoprotein
seq3337	seq3337	surface glycoprotein
seq3365	seq3365	spike glycoprotein
seq3366	seq3366	spike glycoprotein
seq3367	seq3367	spike glycoprotein
seq3369	seq3369	spike protein s1
seq3373	seq3373	surface glycoprotein
seq3409	seq3409	hemagglutinin
seq3411	seq3410	hemagglutinin
seq3411	seq3411	hemagglutinin
seq3428	seq3428	spike glycoprotein
seq3429	seq3429	spike glycoprotein
seq3430	seq3430	spike glycoprotein
seq3466	seq3466	spike glycoprotein
seq3469	seq3469	spike glycoprotein
seq3472	seq3472	spike glycoprotein
seq3473	seq3473	spike protein s1
seq3478	seq3478	spike glycoprotein
seq3480	seq3480	spike glycoprotein
seq3481	seq3481	spike glycoprotein
seq3488	seq2765	envelope glycoprotein gp160
seq3488	seq2903	envelope glycoprotein gp160
seq3488	seq3384	envelope glycoprotein gp160
seq3488	seq3387	envelope glycoprotein gp160
seq3488	seq3488	envelope glycoprotein gp160
seq3488	seq3721	envelope glycoprotein gp160
seq3488	seq4490	envelope glycoprotein gp160
seq3488	seq4652	envelope glycoprotein gp160
seq3488	seq4984	envelope glycoprotein gp160
seq3488	seq5183	envelope glycoprotein gp160
seq3488	seq5280	envelope glycoprotein gp160
seq3488	seq5336	envelope glycoprotein gp160
seq3488	seq5353	envelope glycoprotein gp160
seq3492	seq3492	hemagglutinin | hemagglutinin
seq3493	seq3493	hemagglutinin | hemagglutinin
seq3494	seq3494	hemagglutinin | hemagglutinin
seq3495	seq3054	spike glycoprotein
seq3495	seq3056	spike glycoprotein
seq3495	seq3495	spike glycoprotein
seq3495	seq3820	spike glycoprotein
seq3507	seq3507	spike protein s1
seq3508	seq3508	spike protein s1
seq3538	seq3538	spike glycoprotein
seq3539	seq3539	hemagglutinin
seq3540	seq3540	hemagglutinin
seq3555	seq2612	spike glycoprotein
seq3555	seq2614	spike glycoprotein
seq3555	seq2617	spike glycoprotein
seq3555	seq3555	spike glycoprotein
seq3555	seq3796	spike glycoprotein
seq3555	seq3797	spike glycoprotein
seq3555	seq3798	spike glycoprotein
seq3561	seq3561	neuraminidase
seq3562	seq3562	neuraminidase
seq3563	seq3563	neuraminidase
seq3564	seq3564	neuraminidase
seq3584	seq3584	spike glycoprotein
seq3585	seq3585	spike glycoprotein
seq3586	seq3586	spike glycoprotein
seq3587	seq1068	neuraminidase
seq3587	seq2396	hemagglutinin
seq3587	seq2397	hemagglutinin
seq3587	seq2398	hemagglutinin
seq3587	seq2494	hemagglutinin
seq3587	seq3587	spike protein s1
seq3587	seq3848	spike protein s1
seq3604	seq3604	spike protein s1
seq3605	seq3605	spike protein s1
seq3606	seq3606	spike protein s1
seq3607	seq3607	spike protein s1
seq3618	seq3618	surface glycoprotein
seq3619	seq3619	surface glycoprotein
seq3625	seq631	spike glycoprotein
seq3625	seq632	spike glycoprotein
seq3625	seq633	spike glycoprotein
seq3625	seq1552	spike protein s1
seq3625	seq1557	spike protein s1
seq3625	seq1947	spike protein s1
seq3625	seq4732	spike protein s1
seq3626	seq3626	spike glycoprotein
seq3627	seq3627	spike glycoprotein
seq3628	seq3628	spike glycoprotein
seq3643	seq3643	spike glycoprotein
seq3644	seq3644	spike glycoprotein
seq3645	seq3645	spike glycoprotein
seq3680	seq3677	hemagglutinin
seq3680	seq3678	hemagglutinin
seq3680	seq3679	hemagglutinin
seq3680	seq3680	hemagglutinin
seq3686	seq3686	spike glycoprotein
seq3687	seq3687	spike glycoprotein
seq3688	seq3688	spike glycoprotein
seq3704	seq3704	envelope glycoprotein gp120
seq3704	seq3706	envelope glycoprotein gp120
seq3704	seq3707	envelope glycoprotein gp120
seq3712	seq305	hemagglutinin
seq3712	seq306	hemagglutinin
seq3712	seq307	hemagglutinin
seq3712	seq308	hemagglutinin
seq3712	seq309	hemagglutinin
seq3712	seq310	hemagglutinin
seq3712	seq1738	spike glycoprotein
seq3712	seq1739	spike glycoprotein
seq3712	seq1740	spike glycoprotein
seq3712	seq1743	spike glycoprotein
seq3712	seq1744	spike glycoprotein
seq3712	seq1745	spike glycoprotein
seq3712	seq1921	spike protein s1
seq3712	seq1922	spike glycoprotein
seq3712	seq1923	spike glycoprotein
seq3712	seq1924	spike glycoprotein
seq3712	seq1925	spike glycoprotein
seq3712	seq1926	spike glycoprotein
seq3712	seq1927	spike glycoprotein
seq3712	seq1928	spike glycoprotein
seq3712	seq1929	spike glycoprotein
seq3712	seq1930	spike glycoprotein
seq3712	seq2282	spike glycoprotein
seq3712	seq2632	spike glycoprotein
seq3712	seq2633	spike glycoprotein
seq3712	seq2634	spike glycoprotein
seq3712	seq2802	spike glycoprotein
seq3712	seq2804	spike glycoprotein
seq3712	seq3057	spike glycoprotein
seq3712	seq3058	spike glycoprotein
seq3712	seq3059	spike glycoprotein
seq3712	seq3484	spike glycoprotein
seq3712	seq3712	spike protein s1
seq3712	seq4387	spike glycoprotein
seq3712	seq4529	hemagglutinin
seq3712	seq4530	hemagglutinin
seq3712	seq4683	hemagglutinin
seq3712	seq4684	hemagglutinin
seq3712	seq4809	spike glycoprotein
seq3712	seq4810	spike glycoprotein
seq3712	seq4811	spike glycoprotein
seq3712	seq4953	spike protein s1
seq3712	seq4954	spike protein s1
seq3712	seq5032	spike protein s1
seq3712	seq5033	spike protein s1
seq3712	seq5034	spike protein s1
seq3712	seq5210	spike glycoprotein
seq3712	seq5211	spike glycoprotein
seq3713	seq3713	spike protein s1
seq3715	seq3715	hemagglutinin | hemagglutinin
seq3715	seq4201	hemagglutinin | hemagglutinin
seq3716	seq837	spike glycoprotein
seq3716	seq2155	spike glycoprotein
seq3716	seq2156	spike glycoprotein
seq3716	seq2157	spike glycoprotein
seq3716	seq2158	spike glycoprotein
seq3716	seq2231	spike protein s1
seq3716	seq3716	spike protein s1
seq3716	seq3717	spike protein s1
seq3716	seq4412	spike protein s1
seq3716	seq5382	spike protein s1
seq3728	seq3728	spike glycoprotein
seq3729	seq3729	spike glycoprotein
seq3730	seq3730	spike glycoprotein
seq3777	seq3777	spike glycoprotein
seq3801	seq3801	neuraminidase
seq3802	seq3802	neuraminidase
seq3803	seq3803	neuraminidase
seq3804	seq3804	neuraminidase
seq3817	seq3817	spike glycoprotein
seq3840	seq2431	hemagglutinin
seq3840	seq2744	envelope glycoprotein gp120
seq3840	seq3460	hemagglutinin
seq3840	seq4519	hemagglutinin
seq3840	seq4921	hemagglutinin
seq3840	seq5294	hemagglutinin
seq3872	seq3872	envelope glycoprotein gp120
seq3872	seq3874	envelope glycoprotein gp120
seq3872	seq3875	envelope glycoprotein gp120
seq3885	seq3885	spike protein s1
seq3886	seq3886	spike protein s1
seq3905	seq718	spike protein s1
seq3905	seq3906	spike protein s1
seq3905	seq3907	spike protein s1
seq3905	seq3909	spike protein s1
seq3926	seq3926	spike glycoprotein
seq3927	seq3927	spike glycoprotein
seq3936	seq3934	spike glycoprotein
seq3936	seq3935	spike glycoprotein
seq3936	seq3936	spike glycoprotein
seq3936	seq4638	spike protein s1
seq3936	seq4639	spike protein s1
seq3939	seq3939	envelope glycoprotein gp120
seq3939	seq3943	envelope glycoprotein gp120
seq3939	seq3944	envelope glycoprotein gp120
seq3939	seq4359	envelope glycoprotein gp120
seq3939	seq4360	envelope glycoprotein gp120
seq3939	seq4364	envelope glycoprotein gp120
seq3968	seq3968	spike glycoprotein
seq3971	seq1575	spike protein s1
seq3971	seq1576	spike protein s1
seq3971	seq5443	spike protein s1
seq3973	seq3767	hemagglutinin | hemagglutinin
seq3973	seq3973	hemagglutinin | hemagglutinin
seq3981	seq3981	spike glycoprotein
seq3982	seq3982	spike glycoprotein
seq3983	seq3983	spike glycoprotein
seq3997	seq3997	spike glycoprotein
seq4006	seq4006	spike protein s1
seq4011	seq4011	spike glycoprotein
seq4012	seq4012	spike glycoprotein
seq4013	seq4013	spike glycoprotein
seq4026	seq4026	envelope glycoprotein gp120
seq4027	seq4027	envelope glycoprotein gp120
seq4028	seq4028	envelope glycoprotein gp120
seq4036	seq4036	spike glycoprotein
seq4036	seq4037	spike glycoprotein
seq4036	seq4041	spike glycoprotein
seq4060	seq4060	envelope glycoprotein gp120
seq4060	seq4061	envelope glycoprotein gp120
seq4060	seq4062	envelope glycoprotein gp120
seq4064	seq1011	envelope glycoprotein gp120
seq4064	seq3385	envelope glycoprotein gp160
seq4064	seq4998	envelope glycoprotein gp120
seq4073	seq4073	spike glycoprotein
seq4082	seq4082	spike protein s1
seq4086	seq4086	spike protein s1
seq4087	seq4087	spike protein s1
seq4090	seq4090	spike glycoprotein
seq4110	seq4110	spike glycoprotein
seq4111	seq4111	spike glycoprotein
seq4131	seq56	spike glycoprotein
seq4131	seq57	spike glycoprotein
seq4131	seq58	spike glycoprotein
seq4131	seq4966	spike glycoprotein
seq4131	seq5397	spike protein s1
seq4153	seq4153	spike protein s1
seq4168	seq4168	spike glycoprotein
seq4170	seq4170	spike glycoprotein
seq4184	seq4183	hemagglutinin
seq4184	seq4184	hemagglutinin
seq4236	seq4236	envelope glycoprotein gp120
seq4237	seq4237	envelope glycoprotein gp120
seq4238	seq4238	envelope glycoprotein gp120
seq4246	seq4246	spike glycoprotein
seq4247	seq4247	spike glycoprotein
seq4256	seq2402	spike protein s1
seq4256	seq2403	spike protein s1
seq4256	seq3534	spike protein s1
seq4256	seq3537	spike protein s1
seq4256	seq4256	spike glycoprotein
seq4256	seq4258	spike glycoprotein
seq4270	seq4270	spike protein s1
seq4280	seq4280	hemagglutinin
seq4280	seq4281	hemagglutinin
seq4280	seq4282	hemagglutinin
seq4298	seq4298	neuraminidase
seq4299	seq4299	neuraminidase
seq4301	seq4301	envelope glycoprotein gp160
seq4302	seq4302	envelope glycoprotein gp160
seq4303	seq4275	spike glycoprotein
seq4303	seq4276	spike glycoprotein
seq4303	seq4277	spike glycoprotein
seq4303	seq5151	spike glycoprotein
seq4305	seq4305	spike protein s1
seq4306	seq4306	spike protein s1
seq4320	seq4318	envelope glycoprotein gp160
seq4320	seq4319	envelope glycoprotein gp160
seq4320	seq4320	envelope glycoprotein gp160
seq4320	seq4884	envelope glycoprotein gp120
seq4331	seq4331	spike glycoprotein
seq4332	seq4332	spike glycoprotein
seq4352	seq4352	envelope glycoprotein gp160
seq4352	seq4353	envelope glycoprotein gp160
seq4352	seq4354	envelope glycoprotein gp160
seq4356	seq2764	envelope glycoprotein gp160
seq4356	seq4356	envelope glycoprotein gp120
seq4356	seq4358	envelope glycoprotein gp120
seq4356	seq4363	envelope glycoprotein gp120
seq4356	seq4637	envelope glycoprotein gp120
seq4356	seq5335	envelope glycoprotein gp160
seq4357	seq200	spike glycoprotein
seq4357	seq201	spike glycoprotein
seq4357	seq202	spike glycoprotein
seq4376	seq4376	spike protein s1
seq4377	seq4377	spike protein s1
seq4382	seq4382	spike glycoprotein
seq4384	seq5	hemagglutinin
seq4384	seq6	hemagglutinin
seq4384	seq7	hemagglutinin
seq4384	seq11	hemagglutinin
seq4384	seq12	hemagglutinin
seq4384	seq13	hemagglutinin
seq4384	seq528	spike glycoprotein
seq4384	seq529	spike glycoprotein
seq4384	seq530	spike glycoprotein
seq4384	seq654	spike protein s1
seq4384	seq2581	neuraminidase
seq4384	seq2582	neuraminidase
seq4384	seq2583	neuraminidase
seq4384	seq2584	neuraminidase
seq4384	seq5253	spike protein s1
seq4393	seq4393	envelope glycoprotein gp160
seq4394	seq4394	envelope glycoprotein gp160
seq4395	seq4395	envelope glycoprotein gp160
seq4399	seq4399	spike glycoprotein
seq4400	seq4400	spike glycoprotein
seq4408	seq4408	spike glycoprotein
seq4409	seq4409	spike glycoprotein
seq4410	seq4410	spike glycoprotein
seq4427	seq4427	spike protein s1
seq4428	seq4428	spike protein s1
seq4438	seq4438	spike protein s1
seq4439	seq4439	spike protein s1
seq4449	seq4449	spike glycoprotein
seq4449	seq4450	spike glycoprotein
seq4455	seq4455	spike protein s1
seq4456	seq4456	spike protein s1
seq4457	seq4457	envelope glycoprotein gp160
seq4458	seq4458	envelope glycoprotein gp160
seq4459	seq4459	envelope glycoprotein gp160
seq4462	seq1863	spike protein s1
seq4462	seq4462	spike protein s1
seq4481	seq4481	spike protein s1
seq4488	seq4488	hemagglutinin
seq4489	seq4489	hemagglutinin
seq4494	seq4494	hemagglutinin
seq4495	seq4495	hemagglutinin
seq4501	seq4501	surface glycoprotein
seq4512	seq1016	hemagglutinin
seq4512	seq1017	hemagglutinin
seq4512	seq1018	hemagglutinin
seq4512	seq2005	hemagglutinin
seq4512	seq2006	hemagglutinin
seq4512	seq2007	hemagglutinin
seq4512	seq2073	spike glycoprotein
seq4512	seq2074	spike glycoprotein
seq4512	seq2075	spike glycoprotein
seq4512	seq2079	spike glycoprotein
seq4512	seq2081	spike glycoprotein
seq4512	seq2083	spike glycoprotein
seq4512	seq2095	spike glycoprotein
seq4512	seq2097	hemagglutinin
seq4512	seq2098	hemagglutinin
seq4512	seq2099	hemagglutinin
seq4512	seq3988	spike glycoprotein
seq4512	seq4259	envelope glycoprotein gp120
seq4512	seq4261	envelope glycoprotein gp120
seq4512	seq4263	envelope glycoprotein gp120
seq4512	seq4347	neuraminidase
seq4512	seq4475	spike glycoprotein
seq4512	seq4476	spike glycoprotein
seq4512	seq4477	spike glycoprotein
seq4512	seq4776	hemagglutinin
seq4512	seq4777	hemagglutinin
seq4512	seq4778	hemagglutinin
seq4512	seq4927	hemagglutinin | hemagglutinin
seq4512	seq4928	hemagglutinin | hemagglutinin
seq4512	seq5452	hemagglutinin | hemagglutinin
seq4513	seq1974	surface glycoprotein
seq4513	seq1975	surface glycoprotein
seq4513	seq1976	surface glycoprotein
seq4513	seq1977	surface glycoprotein
seq4513	seq3832	spike protein s1
seq4513	seq5329	spike glycoprotein
seq4516	seq2440	spike glycoprotein
seq4516	seq2441	spike glycoprotein
seq4516	seq2442	spike glycoprotein
seq4516	seq3312	spike glycoprotein
seq4516	seq3313	spike glycoprotein
seq4516	seq3314	spike glycoprotein
seq4540	seq4540	spike protein s1
seq4541	seq4541	spike protein s1
seq4542	seq4542	spike protein s1
seq4543	seq4543	spike protein s1
seq4562	seq4562	spike glycoprotein
seq4563	seq4563	spike glycoprotein
seq4580	seq4580	spike protein s1
seq4581	seq4581	envelope glycoprotein gp120
seq4581	seq4582	envelope glycoprotein gp120
seq4581	seq4583	envelope glycoprotein gp120
seq4589	seq4589	spike protein s1
seq4602	seq4602	spike glycoprotein
seq4604	seq4604	hemagglutinin | hemagglutinin
seq4608	seq4603	hemagglutinin | hemagglutinin
seq4608	seq4605	hemagglutinin | hemagglutinin
seq4608	seq4606	hemagglutinin | hemagglutinin
seq4608	seq4607	hemagglutinin | hemagglutinin
seq4608	seq4608	hemagglutinin | hemagglutinin
seq4608	seq5145	hemagglutinin | hemagglutinin
seq4610	seq4610	spike glycoprotein
seq4635	seq4635	envelope glycoprotein gp160
seq4647	seq4647	spike protein s1
seq4653	seq4653	spike glycoprotein
seq4653	seq4654	spike glycoprotein
seq4653	seq5209	spike glycoprotein
seq4656	seq4656	spike protein s1
seq4659	seq3799	spike glycoprotein
seq4659	seq4659	spike glycoprotein
seq4659	seq4660	spike glycoprotein
seq4659	seq4662	spike glycoprotein
seq4667	seq4667	envelope glycoprotein gp120
seq4672	seq4672	spike protein s1
seq4673	seq4673	spike protein s1
seq4675	seq4675	spike glycoprotein
seq4676	seq4676	envelope glycoprotein gp120
seq4694	seq4694	spike protein s1
seq4702	seq4702	envelope glycoprotein gp120
seq4709	seq4709	spike protein s1
seq4715	seq4715	hemagglutinin
seq4716	seq4716	hemagglutinin
seq4731	seq4731	spike glycoprotein
seq4736	seq2659	spike glycoprotein
seq4736	seq2660	spike glycoprotein
seq4736	seq2661	spike glycoprotein
seq4736	seq3674	spike glycoprotein
seq4736	seq3675	spike glycoprotein
seq4736	seq3676	spike glycoprotein
seq4736	seq4736	spike glycoprotein
seq4736	seq4737	spike glycoprotein
seq4736	seq4738	spike glycoprotein
seq4748	seq4748	spike protein s1
seq4749	seq4749	spike glycoprotein
seq4750	seq4750	spike glycoprotein
seq4768	seq4767	spike glycoprotein
seq4768	seq4768	spike glycoprotein
seq4768	seq4769	spike glycoprotein
seq4775	seq4775	spike protein s1
seq4782	seq2585	hemagglutinin
seq4782	seq2586	hemagglutinin
seq4782	seq2587	hemagglutinin
seq4782	seq2588	hemagglutinin
seq4782	seq4208	hemagglutinin
seq4782	seq4782	hemagglutinin
seq4782	seq4783	hemagglutinin
seq4794	seq4794	spike glycoprotein
seq4805	seq4805	spike glycoprotein
seq4821	seq4821	spike glycoprotein
seq4827	seq4827	spike protein s1
seq4839	seq4839	spike protein s1
seq4864	seq4864	spike glycoprotein
seq4871	seq4939	spike protein s1
seq4873	seq4873	spike protein s1
seq4874	seq4874	spike protein s1
seq4875	seq4875	spike glycoprotein
seq4878	seq4878	spike glycoprotein
seq4885	seq1707	spike protein s1
seq4889	seq4889	spike protein s1
seq4909	seq4909	spike glycoprotein
seq4910	seq4910	spike glycoprotein
seq4912	seq4912	spike protein s1
seq4913	seq4913	spike protein s1
seq4929	seq3315	spike glycoprotein
seq4929	seq3316	spike glycoprotein
seq4929	seq3317	spike glycoprotein
seq4929	seq4564	spike glycoprotein
seq4929	seq4565	spike glycoprotein
seq4929	seq4929	spike glycoprotein
seq4929	seq4930	spike glycoprotein
seq4934	seq1781	spike protein s1
seq4940	seq4940	hemagglutinin
seq4946	seq4946	hemagglutinin
seq4947	seq4947	hemagglutinin
seq4950	seq4950	spike glycoprotein
seq4951	seq4951	spike glycoprotein
seq4952	seq4952	spike glycoprotein
seq4959	seq4959	spike glycoprotein
seq4960	seq4960	spike glycoprotein
seq4961	seq4961	spike glycoprotein
seq4980	seq4979	spike protein s1
seq4980	seq4980	spike protein s1
seq4994	seq3026	spike glycoprotein
seq4994	seq3030	spike glycoprotein
seq4994	seq3031	spike glycoprotein
seq4994	seq4355	spike glycoprotein
seq5017	seq5017	envelope glycoprotein gp160
seq5026	seq5026	spike glycoprotein
seq5049	seq5049	spike protein s1
seq5050	seq5050	spike glycoprotein
seq5055	seq3482	spike glycoprotein
seq5066	seq5066	hemagglutinin
seq5080	seq5080	spike protein s1
seq5089	seq4825	hemagglutinin
seq5089	seq4826	hemagglutinin
seq5089	seq4932	hemagglutinin
seq5089	seq4933	hemagglutinin
seq5090	seq5090	surface glycoprotein
seq5101	seq5101	spike protein s1
seq5109	seq5109	spike protein s1
seq5111	seq5111	spike protein s1
seq5138	seq5138	envelope glycoprotein gp120
seq5158	seq5158	spike glycoprotein
seq5161	seq5161	spike glycoprotein
seq5171	seq5171	hemagglutinin | hemagglutinin
seq5172	seq5172	hemagglutinin | hemagglutinin
seq5173	seq5173	hemagglutinin | hemagglutinin
seq5185	seq4691	spike glycoprotein
seq5185	seq4692	spike glycoprotein
seq5188	seq5188	spike protein s1
seq5191	seq5191	spike protein s1
seq5194	seq5193	hemagglutinin
seq5194	seq5194	hemagglutinin
seq5195	seq5195	spike protein s1
seq5228	seq5228	spike protein s1
seq5252	seq3575	hemagglutinin
seq5252	seq3576	hemagglutinin
seq5252	seq5252	hemagglutinin | hemagglutinin
seq5262	seq5262	hemagglutinin
seq5269	seq5269	hemagglutinin | hemagglutinin
seq5275	seq5275	spike protein s1
seq5276	seq5276	spike protein s1
seq5279	seq5279	envelope glycoprotein gp160
seq5281	seq717	spike glycoprotein
seq5281	seq1904	spike glycoprotein
seq5281	seq1905	spike glycoprotein
seq5281	seq1906	spike glycoprotein
seq5281	seq1907	spike glycoprotein
seq5281	seq2254	spike glycoprotein
seq5281	seq4733	spike glycoprotein
seq5281	seq4734	spike glycoprotein
seq5281	seq4735	spike glycoprotein
seq5316	seq2770	spike glycoprotein
seq5316	seq2771	spike glycoprotein
seq5316	seq2772	spike glycoprotein
seq5316	seq5316	spike glycoprotein
seq5320	seq5320	hemagglutinin
seq5325	seq5325	hemagglutinin | hemagglutinin
seq5330	seq5330	spike protein s1
seq5334	seq5334	hemagglutinin
seq5345	seq2159	spike glycoprotein
seq5345	seq2160	spike glycoprotein
seq5345	seq2161	spike glycoprotein
seq5345	seq2629	spike glycoprotein
seq5345	seq4527	spike protein s1
seq5363	seq5363	spike protein s1
seq5364	seq5364	neuraminidase
seq5365	seq5365	neuraminidase
seq5376	seq5376	spike protein s1
seq5379	seq5379	spike glycoprotein
seq5392	seq5392	spike protein s1
seq5399	seq5399	spike protein s1
seq5400	seq5400	spike protein s1
seq5404	seq5404	spike glycoprotein
seq5408	seq995	spike protein s1
seq5408	seq997	spike protein s1
seq5408	seq999	spike protein s1
seq5408	seq1001	spike protein s1
seq5408	seq1602	spike glycoprotein
seq5408	seq4483	surface glycoprotein
seq5415	seq5415	spike glycoprotein
seq5437	seq5437	spike protein s1
seq5441	seq1070	neuraminidase
seq5441	seq1348	spike glycoprotein
seq5441	seq1349	spike glycoprotein
seq5441	seq1350	spike glycoprotein
seq5441	seq2000	spike protein s1
seq5441	seq2001	spike glycoprotein
seq5441	seq2002	spike glycoprotein
seq5441	seq2003	spike glycoprotein
seq5441	seq2638	spike glycoprotein
seq5441	seq2639	spike glycoprotein
seq5441	seq2640	spike glycoprotein
seq5441	seq4663	spike protein s1
seq5449	seq5449	spike protein s1
seq5456	seq5456	spike protein s1
seq5480	seq2473	spike glycoprotein
seq5480	seq2474	spike glycoprotein
seq5480	seq2542	spike glycoprotein
seq5480	seq2543	spike glycoprotein
seq5480	seq2544	spike glycoprotein
seq5480	seq3694	spike protein s1
seq5480	seq3695	spike protein s1
